txn_id,timestamp,customer_id,account_id,amount,currency,txn_type,counterparty,counterparty_country,channel
t013,2024-11-01 10:00,cust_003,acct_1003,500,USD,payment,Office Supplies Co,US,online
g_cust_008_old,2025-10-01 09:00,cust_008,acct_1008,800,USD,payment,Office Lease Co,AE,online
c_cust_015_sal_0,2026-02-01 07:00,cust_015,acct_1015,10247.4,USD,salary,Peterson-Bell Payroll,AU,online
c_cust_047_sal_0,2026-02-01 07:00,cust_047,acct_1047,4184.03,USD,salary,Davis and Sons Payroll,AU,online
c_cust_051_sal_0,2026-02-01 07:00,cust_051,acct_1051,4706.25,USD,salary,Stevenson-Wagner Payroll,SE,online
c_cust_060_sal_0,2026-02-01 07:00,cust_060,acct_1060,7395.29,USD,salary,Conrad LLC Payroll,PH,online
c_cust_067_sal_0,2026-02-01 07:00,cust_067,acct_1067,8957.74,USD,salary,"Williams, Fields and Miller Payroll",GB,online
c_cust_013_sal_0,2026-02-01 08:00,cust_013,acct_1013,2835.75,USD,salary,"Wilson, Parker and Cabrera Payroll",IN,online
c_cust_020_sal_0,2026-02-01 08:00,cust_020,acct_1020,3873.06,USD,salary,"Cooper, Baker and Poole Payroll",PH,online
c_cust_021_sal_0,2026-02-01 08:00,cust_021,acct_1021,6215.6,USD,salary,Fields-Austin Payroll,SG,online
c_cust_022_sal_0,2026-02-01 08:00,cust_022,acct_1022,8015.99,USD,salary,Miller-Garcia Payroll,US,online
c_cust_034_sal_0,2026-02-01 08:00,cust_034,acct_1034,5462.7,USD,salary,Smith Ltd Payroll,DE,online
c_cust_042_sal_0,2026-02-01 08:00,cust_042,acct_1042,4682.26,USD,salary,Stewart-Larsen Payroll,IN,online
c_cust_046_sal_0,2026-02-01 08:00,cust_046,acct_1046,5171.96,USD,salary,Richardson PLC Payroll,PH,online
c_cust_049_sal_0,2026-02-01 08:00,cust_049,acct_1049,3860.4,USD,salary,"King, Fields and Hale Payroll",FR,online
c_cust_059_sal_0,2026-02-01 08:00,cust_059,acct_1059,4489.77,USD,salary,Foster and Sons Payroll,AE,online
c_cust_020_shop_0_2,2026-02-01 09:00,cust_020,acct_1020,117.12,USD,payment,Corner Pharmacy,PH,mobile
c_cust_027_sal_0,2026-02-01 09:00,cust_027,acct_1027,3573.68,USD,salary,Schwartz Group Payroll,KE,online
c_cust_033_sal_0,2026-02-01 09:00,cust_033,acct_1033,5270.98,USD,salary,"Wells, Michael and Rodriguez Payroll",US,online
c_cust_037_sal_0,2026-02-01 09:00,cust_037,acct_1037,4285.99,USD,salary,Browning PLC Payroll,AU,online
c_cust_052_sal_0,2026-02-01 09:00,cust_052,acct_1052,6275.03,USD,salary,Rush and Sons Payroll,KE,online
c_cust_053_sal_0,2026-02-01 09:00,cust_053,acct_1053,8709.83,USD,salary,"Mcdonald, Collins and Swanson Payroll",KE,online
c_cust_054_sal_0,2026-02-01 09:00,cust_054,acct_1054,9513.75,USD,salary,"Wells, Watson and Calhoun Payroll",AE,online
c_cust_066_sal_0,2026-02-01 09:00,cust_066,acct_1066,3203.51,USD,salary,"Richardson, Gordon and White Payroll",KE,online
c_cust_039_sal_0,2026-02-01 10:00,cust_039,acct_1039,7139.46,USD,salary,Mendoza Ltd Payroll,NG,online
c_cust_063_sal_0,2026-02-01 10:00,cust_063,acct_1063,7591.85,USD,salary,"Andrade, Murray and Martin Payroll",AU,online
c_cust_044_shop_0_0,2026-02-01 12:00,cust_044,acct_1044,66.38,USD,payment,Grocery Mart,CA,mobile
c_cust_041_shop_0_3,2026-02-01 14:00,cust_041,acct_1041,78.08,USD,payment,Superstore Retail,US,mobile
c_cust_042_shop_0_0,2026-02-01 16:00,cust_042,acct_1042,87.33,USD,payment,Grocery Mart,IN,online
c_cust_045_sal_0,2026-02-02 07:00,cust_045,acct_1045,5598.62,USD,salary,Webb-Caldwell Payroll,NL,online
c_cust_023_sal_0,2026-02-02 08:00,cust_023,acct_1023,11952.61,USD,salary,"Cook, Owen and Bonilla Payroll",SG,online
c_cust_036_sal_0,2026-02-02 08:00,cust_036,acct_1036,8560.82,USD,salary,Soto-Miller Payroll,MX,online
c_cust_040_sal_0,2026-02-02 08:00,cust_040,acct_1040,9998.45,USD,salary,Carter-Black Payroll,NG,online
c_cust_061_sal_0,2026-02-02 08:00,cust_061,acct_1061,3925.66,USD,salary,Fuentes Group Payroll,JP,online
c_cust_018_sal_0,2026-02-02 09:00,cust_018,acct_1018,8793.53,USD,salary,Vaughn PLC Payroll,IN,online
c_cust_024_sal_0,2026-02-02 09:00,cust_024,acct_1024,6408.83,USD,salary,Dunn and Sons Payroll,GB,online
c_cust_028_sal_0,2026-02-02 09:00,cust_028,acct_1028,3554.11,USD,salary,Bowers-Prince Payroll,AE,online
c_cust_050_sal_0,2026-02-02 09:00,cust_050,acct_1050,11098.72,USD,salary,Yu Ltd Payroll,IT,online
c_cust_014_sal_0,2026-02-02 10:00,cust_014,acct_1014,3794.48,USD,salary,"Chan, Miller and Evans Payroll",NG,online
c_cust_016_sal_0,2026-02-02 10:00,cust_016,acct_1016,4375.45,USD,salary,Jackson-Wilson Payroll,GB,online
c_cust_029_sal_0,2026-02-02 10:00,cust_029,acct_1029,4765.68,USD,salary,Morgan-Gonzalez Payroll,CA,online
c_cust_031_sal_0,2026-02-02 10:00,cust_031,acct_1031,3130.91,USD,salary,Mays-Walters Payroll,SE,online
c_cust_065_sal_0,2026-02-02 10:00,cust_065,acct_1065,5656.35,USD,salary,Reyes Inc Payroll,MX,online
c_cust_042_cash_0,2026-02-02 11:00,cust_042,acct_1042,124.87,USD,cash_withdrawal,Self,IN,branch
c_cust_045_shop_0_3,2026-02-02 14:00,cust_045,acct_1045,52.61,USD,payment,Online Marketplace,NL,mobile
c_cust_067_shop_0_2,2026-02-02 14:00,cust_067,acct_1067,35.53,USD,payment,Grocery Mart,GB,online
c_cust_033_shop_0_0,2026-02-02 15:00,cust_033,acct_1033,146.38,USD,payment,Grocery Mart,US,mobile
c_cust_017_shop_0_0,2026-02-02 19:00,cust_017,acct_1017,62.13,USD,payment,Superstore Retail,BR,online
c_cust_018_shop_0_0,2026-02-02 20:00,cust_018,acct_1018,70.78,USD,payment,Corner Pharmacy,IN,mobile
c_cust_021_shop_0_3,2026-02-02 21:00,cust_021,acct_1021,32.31,USD,payment,Home Goods Co,SG,online
c_cust_026_sal_0,2026-02-03 07:00,cust_026,acct_1026,10102.95,USD,salary,Nguyen PLC Payroll,DE,online
c_cust_038_sal_0,2026-02-03 07:00,cust_038,acct_1038,7536.01,USD,salary,"Sanchez, Baker and Bryant Payroll",KE,online
c_cust_056_sal_0,2026-02-03 07:00,cust_056,acct_1056,2658.95,USD,salary,Mcintyre-Briggs Payroll,FR,online
c_cust_058_sal_0,2026-02-03 07:00,cust_058,acct_1058,6171.69,USD,salary,"Young, Ryan and Ayala Payroll",KE,online
c_cust_041_sal_0,2026-02-03 08:00,cust_041,acct_1041,3090.94,USD,salary,Thomas PLC Payroll,US,online
c_cust_048_sal_0,2026-02-03 08:00,cust_048,acct_1048,9005.1,USD,salary,Compton-Wright Payroll,SE,online
c_cust_017_sal_0,2026-02-03 09:00,cust_017,acct_1017,8479.74,USD,salary,Mccarthy-Downs Payroll,BR,online
c_cust_019_sal_0,2026-02-03 09:00,cust_019,acct_1019,10513.83,USD,salary,Knight PLC Payroll,IN,online
c_cust_030_sal_0,2026-02-03 09:00,cust_030,acct_1030,7334.84,USD,salary,Nelson-Bullock Payroll,IT,online
c_cust_035_sal_0,2026-02-03 09:00,cust_035,acct_1035,5760.68,USD,salary,"Morris, Johnson and Khan Payroll",DE,online
c_cust_044_sal_0,2026-02-03 09:00,cust_044,acct_1044,3105.41,USD,salary,"Miller, Mahoney and Jenkins Payroll",CA,online
c_cust_055_sal_0,2026-02-03 09:00,cust_055,acct_1055,10616.54,USD,salary,Nelson-Rosario Payroll,MX,online
c_cust_014_rent_0,2026-02-03 10:00,cust_014,acct_1014,952.24,USD,payment,City Rentals,NG,online
c_cust_025_sal_0,2026-02-03 10:00,cust_025,acct_1025,5455.8,USD,salary,Flowers-Brown Payroll,GB,online
c_cust_032_sal_0,2026-02-03 10:00,cust_032,acct_1032,4681.1,USD,salary,Green and Sons Payroll,AE,online
c_cust_043_sal_0,2026-02-03 10:00,cust_043,acct_1043,5661.31,USD,salary,Garcia-Davenport Payroll,AE,online
c_cust_056_rent_0,2026-02-03 10:00,cust_056,acct_1056,657.51,USD,payment,Home Realty Trust,FR,online
c_cust_057_sal_0,2026-02-03 10:00,cust_057,acct_1057,5830.56,USD,salary,Wright Inc Payroll,IN,online
c_cust_062_sal_0,2026-02-03 10:00,cust_062,acct_1062,2801.72,USD,salary,Mcneil-Contreras Payroll,GB,online
c_cust_064_sal_0,2026-02-03 10:00,cust_064,acct_1064,2649.16,USD,salary,Turner Inc Payroll,NL,online
c_cust_066_rent_0,2026-02-03 10:00,cust_066,acct_1066,1094.18,USD,payment,Metro Landlord LLC,KE,online
c_cust_030_rent_0,2026-02-03 11:00,cust_030,acct_1030,2305.03,USD,payment,City Rentals,IT,online
c_cust_035_rent_0,2026-02-03 12:00,cust_035,acct_1035,1640.36,USD,payment,Home Realty Trust,DE,online
c_cust_059_cash_0,2026-02-03 13:00,cust_059,acct_1059,99.19,USD,cash_withdrawal,Self,AE,branch
c_cust_017_rent_0,2026-02-03 14:00,cust_017,acct_1017,1998.66,USD,payment,Home Realty Trust,BR,online
c_cust_046_rent_0,2026-02-03 14:00,cust_046,acct_1046,1534.37,USD,payment,Metro Landlord LLC,PH,online
c_cust_031_rent_0,2026-02-03 15:00,cust_031,acct_1031,763.04,USD,payment,Home Realty Trust,SE,online
c_cust_016_shop_0_2,2026-02-03 16:00,cust_016,acct_1016,61.02,USD,payment,Superstore Retail,GB,online
c_cust_025_rent_0,2026-02-03 16:00,cust_025,acct_1025,1551.36,USD,payment,Home Realty Trust,GB,online
c_cust_049_rent_0,2026-02-03 16:00,cust_049,acct_1049,1085.57,USD,payment,Home Realty Trust,FR,online
c_cust_065_shop_0_0,2026-02-03 16:00,cust_065,acct_1065,144.73,USD,payment,Corner Pharmacy,MX,mobile
c_cust_066_cash_0,2026-02-03 16:00,cust_066,acct_1066,388.05,USD,cash_withdrawal,Self,KE,branch
c_cust_022_rent_0,2026-02-03 17:00,cust_022,acct_1022,2524.4,USD,payment,Parkview Apartments,US,online
c_cust_013_shop_0_0,2026-02-03 18:00,cust_013,acct_1013,24.83,USD,payment,Superstore Retail,IN,mobile
c_cust_016_rent_0,2026-02-03 18:00,cust_016,acct_1016,997.95,USD,payment,Home Realty Trust,GB,online
c_cust_020_rent_0,2026-02-03 18:00,cust_020,acct_1020,924.66,USD,payment,Parkview Apartments,PH,online
c_cust_021_rent_0,2026-02-03 18:00,cust_021,acct_1021,1872.82,USD,payment,Metro Landlord LLC,SG,online
c_cust_023_rent_0,2026-02-03 18:00,cust_023,acct_1023,3458.98,USD,payment,Parkview Apartments,SG,online
c_cust_048_rent_0,2026-02-03 18:00,cust_048,acct_1048,3242.95,USD,payment,Metro Landlord LLC,SE,online
c_cust_036_rent_0,2026-02-03 19:00,cust_036,acct_1036,2582.49,USD,payment,Parkview Apartments,MX,online
c_cust_015_rent_0,2026-02-03 20:00,cust_015,acct_1015,3132.03,USD,payment,City Rentals,AU,online
c_cust_066_shop_0_2,2026-02-03 21:00,cust_066,acct_1066,28.7,USD,payment,Superstore Retail,KE,online
c_cust_037_shop_0_0,2026-02-04 09:00,cust_037,acct_1037,32.45,USD,payment,Grocery Mart,AU,mobile
c_cust_044_shop_0_1,2026-02-04 10:00,cust_044,acct_1044,111.73,USD,payment,Superstore Retail,CA,mobile
c_cust_061_rent_0,2026-02-04 10:00,cust_061,acct_1061,1167.2,USD,payment,Parkview Apartments,JP,online
c_cust_023_shop_0_3,2026-02-04 12:00,cust_023,acct_1023,65.08,USD,payment,Corner Pharmacy,SG,online
c_cust_033_rent_0,2026-02-04 13:00,cust_033,acct_1033,1744.48,USD,payment,Parkview Apartments,US,online
c_cust_058_rent_0,2026-02-04 13:00,cust_058,acct_1058,1446.69,USD,payment,Metro Landlord LLC,KE,online
c_cust_063_rent_0,2026-02-04 13:00,cust_063,acct_1063,1892.15,USD,payment,Home Realty Trust,AU,online
c_cust_038_rent_0,2026-02-04 14:00,cust_038,acct_1038,2138.24,USD,payment,Parkview Apartments,KE,online
c_cust_054_shop_0_0,2026-02-04 14:00,cust_054,acct_1054,98.95,USD,payment,Home Goods Co,AE,mobile
c_cust_018_rent_0,2026-02-04 15:00,cust_018,acct_1018,2053.01,USD,payment,Home Realty Trust,IN,online
c_cust_013_rent_0,2026-02-04 16:00,cust_013,acct_1013,644.26,USD,payment,City Rentals,IN,online
c_cust_034_rent_0,2026-02-04 16:00,cust_034,acct_1034,2025.75,USD,payment,Parkview Apartments,DE,online
c_cust_042_shop_0_2,2026-02-04 16:00,cust_042,acct_1042,94.12,USD,payment,Superstore Retail,IN,online
c_cust_047_shop_0_1,2026-02-04 16:00,cust_047,acct_1047,41.73,USD,payment,Superstore Retail,AU,online
c_cust_037_rent_0,2026-02-04 17:00,cust_037,acct_1037,1180.69,USD,payment,City Rentals,AU,online
c_cust_051_shop_0_1,2026-02-04 17:00,cust_051,acct_1051,102.1,USD,payment,Grocery Mart,SE,mobile
c_cust_060_rent_0,2026-02-04 18:00,cust_060,acct_1060,1680.41,USD,payment,Parkview Apartments,PH,online
c_cust_067_shop_0_0,2026-02-04 19:00,cust_067,acct_1067,117.38,USD,payment,Grocery Mart,GB,online
c_cust_042_rent_0,2026-02-04 20:00,cust_042,acct_1042,1289.17,USD,payment,Home Realty Trust,IN,online
c_cust_065_rent_0,2026-02-04 20:00,cust_065,acct_1065,1486.98,USD,payment,City Rentals,MX,online
c_cust_026_shop_0_1,2026-02-05 09:00,cust_026,acct_1026,59.73,USD,payment,Online Marketplace,DE,mobile
c_cust_039_rent_0,2026-02-05 10:00,cust_039,acct_1039,2082.63,USD,payment,Metro Landlord LLC,NG,online
c_cust_059_rent_0,2026-02-05 10:00,cust_059,acct_1059,987.9,USD,payment,Home Realty Trust,AE,online
c_cust_019_rent_0,2026-02-05 11:00,cust_019,acct_1019,2921.83,USD,payment,Home Realty Trust,IN,online
c_cust_039_shop_0_1,2026-02-05 12:00,cust_039,acct_1039,125.81,USD,payment,Superstore Retail,NG,online
c_cust_054_rent_0,2026-02-05 12:00,cust_054,acct_1054,2582.42,USD,payment,Parkview Apartments,AE,online
c_cust_026_rent_0,2026-02-05 13:00,cust_026,acct_1026,2577.08,USD,payment,Metro Landlord LLC,DE,online
c_cust_057_rent_0,2026-02-05 14:00,cust_057,acct_1057,1791.9,USD,payment,City Rentals,IN,online
c_cust_061_cash_0,2026-02-05 14:00,cust_061,acct_1061,295.68,USD,cash_withdrawal,Self,JP,branch
c_cust_024_rent_0,2026-02-05 16:00,cust_024,acct_1024,1683.15,USD,payment,Parkview Apartments,GB,online
c_cust_032_rent_0,2026-02-05 16:00,cust_032,acct_1032,1401.72,USD,payment,Parkview Apartments,AE,online
c_cust_040_rent_0,2026-02-05 16:00,cust_040,acct_1040,3101.96,USD,payment,Home Realty Trust,NG,online
c_cust_050_rent_0,2026-02-05 16:00,cust_050,acct_1050,2537.14,USD,payment,Metro Landlord LLC,IT,online
c_cust_064_rent_0,2026-02-05 16:00,cust_064,acct_1064,611.71,USD,payment,City Rentals,NL,online
c_cust_034_shop_0_2,2026-02-05 17:00,cust_034,acct_1034,113.2,USD,payment,Home Goods Co,DE,mobile
c_cust_045_rent_0,2026-02-05 20:00,cust_045,acct_1045,1704.54,USD,payment,Metro Landlord LLC,NL,online
c_cust_062_rent_0,2026-02-05 20:00,cust_062,acct_1062,755.05,USD,payment,Metro Landlord LLC,GB,online
c_cust_056_shop_0_1,2026-02-05 21:00,cust_056,acct_1056,65.69,USD,payment,Grocery Mart,FR,online
c_cust_059_shop_0_1,2026-02-05 21:00,cust_059,acct_1059,99.52,USD,payment,Superstore Retail,AE,mobile
c_cust_029_rent_0,2026-02-06 08:00,cust_029,acct_1029,1710.22,USD,payment,Metro Landlord LLC,CA,online
c_cust_032_util_0_0,2026-02-06 08:00,cust_032,acct_1032,108.74,USD,payment,Regional Electric Board,AE,mobile
c_cust_042_util_0_1,2026-02-06 09:00,cust_042,acct_1042,182.64,USD,payment,Metro Water Authority,IN,online
c_cust_043_rent_0,2026-02-06 09:00,cust_043,acct_1043,1148.29,USD,payment,City Rentals,AE,online
c_cust_051_rent_0,2026-02-06 09:00,cust_051,acct_1051,1487.35,USD,payment,Parkview Apartments,SE,online
c_cust_026_util_0_1,2026-02-06 10:00,cust_026,acct_1026,194.16,USD,payment,Mobile Telecom,DE,online
c_cust_044_rent_0,2026-02-06 10:00,cust_044,acct_1044,884.02,USD,payment,Metro Landlord LLC,CA,online
c_cust_047_shop_0_0,2026-02-06 10:00,cust_047,acct_1047,21.44,USD,payment,Online Marketplace,AU,online
c_cust_014_util_0_1,2026-02-06 11:00,cust_014,acct_1014,248.73,USD,payment,Mobile Telecom,NG,mobile
c_cust_037_cash_0,2026-02-06 12:00,cust_037,acct_1037,345.97,USD,cash_withdrawal,Self,AU,branch
c_cust_067_rent_0,2026-02-06 13:00,cust_067,acct_1067,2803.09,USD,payment,Metro Landlord LLC,GB,online
c_cust_041_rent_0,2026-02-06 14:00,cust_041,acct_1041,969.66,USD,payment,Metro Landlord LLC,US,online
c_cust_047_rent_0,2026-02-06 14:00,cust_047,acct_1047,1348.83,USD,payment,City Rentals,AU,online
c_cust_028_rent_0,2026-02-06 16:00,cust_028,acct_1028,860.6,USD,payment,Home Realty Trust,AE,online
c_cust_055_shop_0_3,2026-02-06 16:00,cust_055,acct_1055,27.54,USD,payment,Corner Pharmacy,MX,online
c_cust_063_shop_0_3,2026-02-06 16:00,cust_063,acct_1063,62.49,USD,payment,Grocery Mart,AU,online
c_cust_027_rent_0,2026-02-06 17:00,cust_027,acct_1027,779.06,USD,payment,Parkview Apartments,KE,online
c_cust_052_rent_0,2026-02-06 17:00,cust_052,acct_1052,1336.85,USD,payment,Metro Landlord LLC,KE,online
c_cust_041_shop_0_1,2026-02-06 18:00,cust_041,acct_1041,170.55,USD,payment,Corner Pharmacy,US,mobile
c_cust_053_rent_0,2026-02-06 18:00,cust_053,acct_1053,2979.13,USD,payment,Home Realty Trust,KE,online
c_cust_028_util_0_0,2026-02-06 20:00,cust_028,acct_1028,201.53,USD,payment,National Broadband Co,AE,mobile
c_cust_032_shop_0_1,2026-02-06 20:00,cust_032,acct_1032,154.44,USD,payment,Corner Pharmacy,AE,online
c_cust_043_shop_0_3,2026-02-06 20:00,cust_043,acct_1043,172.84,USD,payment,Superstore Retail,AE,mobile
c_cust_046_shop_0_0,2026-02-06 20:00,cust_046,acct_1046,144.16,USD,payment,Home Goods Co,PH,mobile
c_cust_055_rent_0,2026-02-06 20:00,cust_055,acct_1055,3373.51,USD,payment,Home Realty Trust,MX,online
c_cust_061_shop_0_3,2026-02-06 20:00,cust_061,acct_1061,169.62,USD,payment,Corner Pharmacy,JP,mobile
c_cust_039_util_0_1,2026-02-06 21:00,cust_039,acct_1039,161.98,USD,payment,Regional Electric Board,NG,branch
c_cust_041_util_0_0,2026-02-06 21:00,cust_041,acct_1041,43.55,USD,payment,Gas & Power Ltd,US,online
c_cust_027_util_0_0,2026-02-07 09:00,cust_027,acct_1027,123.3,USD,payment,Regional Electric Board,KE,branch
c_cust_043_util_0_0,2026-02-07 12:00,cust_043,acct_1043,203.3,USD,payment,Regional Electric Board,AE,online
c_cust_057_util_0_0,2026-02-07 12:00,cust_057,acct_1057,149.34,USD,payment,Mobile Telecom,IN,branch
c_cust_016_shop_0_1,2026-02-07 14:00,cust_016,acct_1016,45.19,USD,payment,Online Marketplace,GB,mobile
c_cust_067_util_0_0,2026-02-07 14:00,cust_067,acct_1067,37.05,USD,payment,Gas & Power Ltd,GB,mobile
c_cust_062_util_0_1,2026-02-07 15:00,cust_062,acct_1062,247.88,USD,payment,Metro Water Authority,GB,online
c_cust_018_shop_0_2,2026-02-07 16:00,cust_018,acct_1018,175.03,USD,payment,Online Marketplace,IN,online
c_cust_052_shop_0_1,2026-02-07 16:00,cust_052,acct_1052,172.42,USD,payment,Online Marketplace,KE,mobile
c_cust_021_cash_0,2026-02-07 18:00,cust_021,acct_1021,266.75,USD,cash_withdrawal,Self,SG,branch
c_cust_026_util_0_0,2026-02-07 18:00,cust_026,acct_1026,114.19,USD,payment,Metro Water Authority,DE,online
c_cust_040_shop_0_2,2026-02-07 20:00,cust_040,acct_1040,111.58,USD,payment,Corner Pharmacy,NG,online
c_cust_054_util_0_0,2026-02-07 20:00,cust_054,acct_1054,148.76,USD,payment,Metro Water Authority,AE,online
c_cust_067_shop_0_3,2026-02-07 20:00,cust_067,acct_1067,153.57,USD,payment,Grocery Mart,GB,mobile
c_cust_016_util_0_1,2026-02-08 10:00,cust_016,acct_1016,91.88,USD,payment,City Utilities,GB,mobile
c_cust_029_util_0_0,2026-02-08 10:00,cust_029,acct_1029,112.43,USD,payment,Regional Electric Board,CA,online
c_cust_019_util_0_0,2026-02-08 11:00,cust_019,acct_1019,84.17,USD,payment,Metro Water Authority,IN,branch
c_cust_021_shop_0_1,2026-02-08 11:00,cust_021,acct_1021,164.08,USD,payment,Grocery Mart,SG,online
c_cust_037_util_0_1,2026-02-08 11:00,cust_037,acct_1037,197.11,USD,payment,Mobile Telecom,AU,branch
c_cust_027_shop_0_0,2026-02-08 12:00,cust_027,acct_1027,39.29,USD,payment,Home Goods Co,KE,mobile
c_cust_038_util_0_0,2026-02-08 13:00,cust_038,acct_1038,68.51,USD,payment,Metro Water Authority,KE,branch
c_cust_051_util_0_1,2026-02-08 13:00,cust_051,acct_1051,31.11,USD,payment,National Broadband Co,SE,branch
c_cust_062_shop_0_1,2026-02-08 13:00,cust_062,acct_1062,75.92,USD,payment,Home Goods Co,GB,online
c_cust_063_cash_0,2026-02-08 13:00,cust_063,acct_1063,144.25,USD,cash_withdrawal,Self,AU,branch
c_cust_018_cash_0,2026-02-08 14:00,cust_018,acct_1018,318.56,USD,cash_withdrawal,Self,IN,branch
c_cust_023_util_0_1,2026-02-08 14:00,cust_023,acct_1023,148.17,USD,payment,City Utilities,SG,branch
c_cust_034_util_0_0,2026-02-08 15:00,cust_034,acct_1034,187.04,USD,payment,City Utilities,DE,mobile
c_cust_020_shop_0_3,2026-02-08 16:00,cust_020,acct_1020,140.99,USD,payment,Corner Pharmacy,PH,online
c_cust_061_util_0_0,2026-02-08 16:00,cust_061,acct_1061,104.53,USD,payment,Regional Electric Board,JP,mobile
c_cust_063_util_0_0,2026-02-08 16:00,cust_063,acct_1063,53.35,USD,payment,Gas & Power Ltd,AU,online
c_cust_046_shop_0_1,2026-02-08 17:00,cust_046,acct_1046,150.62,USD,payment,Superstore Retail,PH,online
c_cust_063_shop_0_0,2026-02-08 19:00,cust_063,acct_1063,146.32,USD,payment,Superstore Retail,AU,online
c_cust_035_util_0_1,2026-02-08 20:00,cust_035,acct_1035,148.99,USD,payment,City Utilities,DE,branch
c_cust_044_util_0_0,2026-02-08 21:00,cust_044,acct_1044,189.31,USD,payment,National Broadband Co,CA,mobile
c_cust_049_shop_0_0,2026-02-08 21:00,cust_049,acct_1049,30.28,USD,payment,Corner Pharmacy,FR,mobile
c_cust_050_shop_0_0,2026-02-09 10:00,cust_050,acct_1050,142.06,USD,payment,Corner Pharmacy,IT,mobile
c_cust_053_shop_0_1,2026-02-09 11:00,cust_053,acct_1053,151.61,USD,payment,Corner Pharmacy,KE,online
c_cust_065_util_0_0,2026-02-09 11:00,cust_065,acct_1065,67.82,USD,payment,National Broadband Co,MX,mobile
c_cust_036_shop_0_0,2026-02-09 12:00,cust_036,acct_1036,146.35,USD,payment,Online Marketplace,MX,online
c_cust_048_util_0_1,2026-02-09 12:00,cust_048,acct_1048,89.7,USD,payment,City Utilities,SE,online
c_cust_052_util_0_1,2026-02-09 12:00,cust_052,acct_1052,92.27,USD,payment,Mobile Telecom,KE,online
c_cust_049_util_0_1,2026-02-09 14:00,cust_049,acct_1049,62.31,USD,payment,City Utilities,FR,online
c_cust_065_util_0_1,2026-02-09 14:00,cust_065,acct_1065,209.74,USD,payment,Regional Electric Board,MX,branch
c_cust_017_shop_0_1,2026-02-09 15:00,cust_017,acct_1017,99.31,USD,payment,Superstore Retail,BR,mobile
c_cust_030_shop_0_1,2026-02-09 17:00,cust_030,acct_1030,29.84,USD,payment,Corner Pharmacy,IT,mobile
c_cust_025_shop_0_0,2026-02-09 18:00,cust_025,acct_1025,138.94,USD,payment,Corner Pharmacy,GB,mobile
c_cust_042_util_0_0,2026-02-09 18:00,cust_042,acct_1042,235.36,USD,payment,Metro Water Authority,IN,online
c_cust_060_shop_0_1,2026-02-09 18:00,cust_060,acct_1060,127.83,USD,payment,Corner Pharmacy,PH,online
c_cust_015_util_0_1,2026-02-09 19:00,cust_015,acct_1015,93.75,USD,payment,Mobile Telecom,AU,branch
c_cust_031_util_0_0,2026-02-09 19:00,cust_031,acct_1031,115.67,USD,payment,City Utilities,SE,branch
c_cust_051_util_0_0,2026-02-09 19:00,cust_051,acct_1051,30.49,USD,payment,City Utilities,SE,online
c_cust_025_util_0_0,2026-02-09 20:00,cust_025,acct_1025,202.54,USD,payment,Regional Electric Board,GB,mobile
c_cust_058_util_0_1,2026-02-10 08:00,cust_058,acct_1058,147.96,USD,payment,Metro Water Authority,KE,online
c_cust_039_shop_0_2,2026-02-10 09:00,cust_039,acct_1039,137.6,USD,payment,Corner Pharmacy,NG,mobile
c_cust_064_shop_0_0,2026-02-10 09:00,cust_064,acct_1064,154.96,USD,payment,Corner Pharmacy,NL,online
c_cust_018_util_0_0,2026-02-10 11:00,cust_018,acct_1018,183.49,USD,payment,Metro Water Authority,IN,online
c_cust_058_util_0_0,2026-02-10 13:00,cust_058,acct_1058,35.49,USD,payment,Gas & Power Ltd,KE,mobile
c_cust_060_shop_0_2,2026-02-10 13:00,cust_060,acct_1060,130.7,USD,payment,Superstore Retail,PH,online
c_cust_053_util_0_0,2026-02-10 14:00,cust_053,acct_1053,46.72,USD,payment,Mobile Telecom,KE,branch
c_cust_014_util_0_0,2026-02-10 15:00,cust_014,acct_1014,220.64,USD,payment,Regional Electric Board,NG,branch
c_cust_045_util_0_0,2026-02-10 16:00,cust_045,acct_1045,137.92,USD,payment,Gas & Power Ltd,NL,online
c_cust_056_util_0_0,2026-02-10 16:00,cust_056,acct_1056,191.17,USD,payment,Mobile Telecom,FR,online
c_cust_051_shop_0_2,2026-02-10 17:00,cust_051,acct_1051,49.57,USD,payment,Corner Pharmacy,SE,mobile
c_cust_051_shop_0_0,2026-02-10 20:00,cust_051,acct_1051,72.39,USD,payment,Online Marketplace,SE,online
c_cust_059_util_0_0,2026-02-11 08:00,cust_059,acct_1059,129.99,USD,payment,Gas & Power Ltd,AE,online
c_cust_062_shop_0_2,2026-02-11 09:00,cust_062,acct_1062,111.03,USD,payment,Online Marketplace,GB,mobile
c_cust_019_shop_0_0,2026-02-11 10:00,cust_019,acct_1019,80.35,USD,payment,Superstore Retail,IN,online
c_cust_031_shop_0_1,2026-02-11 10:00,cust_031,acct_1031,87.38,USD,payment,Superstore Retail,SE,online
c_cust_048_util_0_0,2026-02-11 10:00,cust_048,acct_1048,67.67,USD,payment,Regional Electric Board,SE,mobile
c_cust_030_util_0_0,2026-02-11 11:00,cust_030,acct_1030,208.74,USD,payment,Metro Water Authority,IT,branch
c_cust_037_util_0_0,2026-02-11 11:00,cust_037,acct_1037,95.2,USD,payment,Mobile Telecom,AU,online
c_cust_040_util_0_0,2026-02-11 12:00,cust_040,acct_1040,180.96,USD,payment,Regional Electric Board,NG,branch
c_cust_057_shop_0_2,2026-02-11 13:00,cust_057,acct_1057,78.61,USD,payment,Corner Pharmacy,IN,mobile
c_cust_017_util_0_0,2026-02-11 14:00,cust_017,acct_1017,203.8,USD,payment,City Utilities,BR,mobile
c_cust_045_shop_0_0,2026-02-11 14:00,cust_045,acct_1045,43.51,USD,payment,Online Marketplace,NL,online
c_cust_064_util_0_0,2026-02-11 14:00,cust_064,acct_1064,77.39,USD,payment,National Broadband Co,NL,branch
c_cust_029_shop_0_1,2026-02-11 15:00,cust_029,acct_1029,122.46,USD,payment,Grocery Mart,CA,mobile
c_cust_061_shop_0_2,2026-02-11 15:00,cust_061,acct_1061,18.12,USD,payment,Grocery Mart,JP,online
c_cust_027_cash_0,2026-02-11 16:00,cust_027,acct_1027,346.63,USD,cash_withdrawal,Self,KE,branch
c_cust_015_util_0_0,2026-02-11 17:00,cust_015,acct_1015,253.87,USD,payment,Mobile Telecom,AU,branch
c_cust_016_shop_0_0,2026-02-11 17:00,cust_016,acct_1016,68.38,USD,payment,Grocery Mart,GB,mobile
c_cust_028_shop_0_1,2026-02-11 18:00,cust_028,acct_1028,153.3,USD,payment,Online Marketplace,AE,online
c_cust_061_util_0_1,2026-02-11 20:00,cust_061,acct_1061,211.39,USD,payment,Mobile Telecom,JP,mobile
c_cust_022_util_0_0,2026-02-12 08:00,cust_022,acct_1022,150.42,USD,payment,Metro Water Authority,US,online
c_cust_043_util_0_1,2026-02-12 09:00,cust_043,acct_1043,151.76,USD,payment,Metro Water Authority,AE,branch
c_cust_058_shop_0_0,2026-02-12 10:00,cust_058,acct_1058,120.26,USD,payment,Online Marketplace,KE,online
c_cust_038_util_0_1,2026-02-12 12:00,cust_038,acct_1038,144.93,USD,payment,Mobile Telecom,KE,branch
c_cust_029_cash_0,2026-02-12 13:00,cust_029,acct_1029,208.1,USD,cash_withdrawal,Self,CA,branch
c_cust_022_shop_0_0,2026-02-12 16:00,cust_022,acct_1022,30.79,USD,payment,Superstore Retail,US,mobile
c_cust_035_shop_0_0,2026-02-12 16:00,cust_035,acct_1035,100.91,USD,payment,Superstore Retail,DE,mobile
c_cust_020_util_0_0,2026-02-12 17:00,cust_020,acct_1020,134.82,USD,payment,Gas & Power Ltd,PH,mobile
c_cust_050_util_0_1,2026-02-12 18:00,cust_050,acct_1050,167.49,USD,payment,City Utilities,IT,branch
c_cust_058_cash_0,2026-02-12 18:00,cust_058,acct_1058,235.89,USD,cash_withdrawal,Self,KE,branch
c_cust_023_util_0_0,2026-02-12 19:00,cust_023,acct_1023,248.03,USD,payment,Regional Electric Board,SG,branch
c_cust_023_shop_0_0,2026-02-12 19:00,cust_023,acct_1023,24.34,USD,payment,Online Marketplace,SG,mobile
c_cust_021_util_0_0,2026-02-12 20:00,cust_021,acct_1021,90.78,USD,payment,City Utilities,SG,online
c_cust_023_shop_0_1,2026-02-13 09:00,cust_023,acct_1023,17.2,USD,payment,Corner Pharmacy,SG,mobile
c_cust_027_shop_0_3,2026-02-13 09:00,cust_027,acct_1027,143.19,USD,payment,Online Marketplace,KE,mobile
c_cust_060_util_0_0,2026-02-13 09:00,cust_060,acct_1060,104.07,USD,payment,Regional Electric Board,PH,online
c_cust_066_shop_0_1,2026-02-13 09:00,cust_066,acct_1066,142.44,USD,payment,Corner Pharmacy,KE,online
c_cust_066_util_0_0,2026-02-13 10:00,cust_066,acct_1066,54.08,USD,payment,National Broadband Co,KE,mobile
c_cust_028_util_0_1,2026-02-13 12:00,cust_028,acct_1028,72.37,USD,payment,Metro Water Authority,AE,online
c_cust_039_shop_0_0,2026-02-13 12:00,cust_039,acct_1039,109.66,USD,payment,Online Marketplace,NG,online
c_cust_024_shop_0_2,2026-02-13 13:00,cust_024,acct_1024,32.9,USD,payment,Grocery Mart,GB,online
c_cust_031_shop_0_2,2026-02-13 13:00,cust_031,acct_1031,15.69,USD,payment,Home Goods Co,SE,mobile
c_cust_055_util_0_0,2026-02-13 15:00,cust_055,acct_1055,204.72,USD,payment,Metro Water Authority,MX,online
c_cust_062_util_0_0,2026-02-13 15:00,cust_062,acct_1062,227.1,USD,payment,National Broadband Co,GB,online
c_cust_049_util_0_0,2026-02-13 16:00,cust_049,acct_1049,202.51,USD,payment,Gas & Power Ltd,FR,online
c_cust_063_util_0_1,2026-02-13 16:00,cust_063,acct_1063,241.17,USD,payment,City Utilities,AU,online
c_cust_067_shop_0_1,2026-02-13 16:00,cust_067,acct_1067,100.88,USD,payment,Grocery Mart,GB,online
c_cust_029_shop_0_0,2026-02-13 17:00,cust_029,acct_1029,74.88,USD,payment,Online Marketplace,CA,mobile
c_cust_035_util_0_0,2026-02-13 19:00,cust_035,acct_1035,55.71,USD,payment,Gas & Power Ltd,DE,mobile
c_cust_063_shop_0_2,2026-02-13 19:00,cust_063,acct_1063,37.58,USD,payment,Corner Pharmacy,AU,mobile
c_cust_024_shop_0_1,2026-02-13 20:00,cust_024,acct_1024,106.46,USD,payment,Corner Pharmacy,GB,online
c_cust_059_shop_0_0,2026-02-13 20:00,cust_059,acct_1059,37.45,USD,payment,Corner Pharmacy,AE,online
c_cust_066_shop_0_0,2026-02-13 21:00,cust_066,acct_1066,44.95,USD,payment,Superstore Retail,KE,mobile
c_cust_028_shop_0_2,2026-02-14 09:00,cust_028,acct_1028,19.22,USD,payment,Online Marketplace,AE,mobile
c_cust_036_util_0_0,2026-02-14 09:00,cust_036,acct_1036,124.05,USD,payment,Mobile Telecom,MX,mobile
c_cust_059_util_0_1,2026-02-14 09:00,cust_059,acct_1059,144.63,USD,payment,Mobile Telecom,AE,branch
c_cust_043_shop_0_2,2026-02-14 10:00,cust_043,acct_1043,112.71,USD,payment,Online Marketplace,AE,mobile
c_cust_031_shop_0_0,2026-02-14 11:00,cust_031,acct_1031,61.74,USD,payment,Grocery Mart,SE,mobile
c_cust_020_shop_0_0,2026-02-14 13:00,cust_020,acct_1020,111.13,USD,payment,Corner Pharmacy,PH,mobile
c_cust_049_shop_0_1,2026-02-14 14:00,cust_049,acct_1049,93.6,USD,payment,Grocery Mart,FR,online
c_cust_032_util_0_1,2026-02-14 15:00,cust_032,acct_1032,230.8,USD,payment,City Utilities,AE,online
c_cust_052_util_0_0,2026-02-14 15:00,cust_052,acct_1052,116.64,USD,payment,National Broadband Co,KE,online
c_cust_064_shop_0_1,2026-02-14 18:00,cust_064,acct_1064,78.51,USD,payment,Grocery Mart,NL,online
c_cust_030_shop_0_0,2026-02-14 20:00,cust_030,acct_1030,137.75,USD,payment,Home Goods Co,IT,online
c_cust_013_util_0_0,2026-02-14 21:00,cust_013,acct_1013,186.86,USD,payment,City Utilities,IN,branch
c_cust_025_util_0_1,2026-02-15 08:00,cust_025,acct_1025,185.86,USD,payment,National Broadband Co,GB,branch
c_cust_047_util_0_0,2026-02-15 10:00,cust_047,acct_1047,254.66,USD,payment,City Utilities,AU,online
c_cust_055_util_0_1,2026-02-15 10:00,cust_055,acct_1055,216.06,USD,payment,Regional Electric Board,MX,branch
c_cust_016_util_0_0,2026-02-15 11:00,cust_016,acct_1016,189.32,USD,payment,City Utilities,GB,mobile
c_cust_046_util_0_0,2026-02-15 12:00,cust_046,acct_1046,83.77,USD,payment,Regional Electric Board,PH,branch
c_cust_015_shop_0_2,2026-02-15 14:00,cust_015,acct_1015,26.97,USD,payment,Superstore Retail,AU,mobile
c_cust_042_shop_0_1,2026-02-15 17:00,cust_042,acct_1042,132.4,USD,payment,Grocery Mart,IN,mobile
c_cust_013_util_0_1,2026-02-15 18:00,cust_013,acct_1013,73.21,USD,payment,City Utilities,IN,branch
c_cust_061_shop_0_0,2026-02-15 20:00,cust_061,acct_1061,166.93,USD,payment,Home Goods Co,JP,online
c_cust_039_util_0_0,2026-02-16 09:00,cust_039,acct_1039,242.65,USD,payment,City Utilities,NG,branch
c_cust_026_cash_0,2026-02-16 11:00,cust_026,acct_1026,112.15,USD,cash_withdrawal,Self,DE,branch
c_cust_019_cash_0,2026-02-16 13:00,cust_019,acct_1019,345.79,USD,cash_withdrawal,Self,IN,branch
c_cust_065_shop_0_3,2026-02-16 14:00,cust_065,acct_1065,97.58,USD,payment,Corner Pharmacy,MX,online
c_cust_024_util_0_0,2026-02-16 15:00,cust_024,acct_1024,212.15,USD,payment,Metro Water Authority,GB,online
c_cust_033_util_0_0,2026-02-16 15:00,cust_033,acct_1033,123.22,USD,payment,Gas & Power Ltd,US,mobile
c_cust_046_util_0_1,2026-02-16 15:00,cust_046,acct_1046,42.46,USD,payment,City Utilities,PH,mobile
c_cust_048_cash_0,2026-02-16 15:00,cust_048,acct_1048,291.88,USD,cash_withdrawal,Self,SE,branch
c_cust_050_util_0_0,2026-02-16 16:00,cust_050,acct_1050,59.6,USD,payment,City Utilities,IT,mobile
c_cust_055_cash_0,2026-02-16 16:00,cust_055,acct_1055,231.42,USD,cash_withdrawal,Self,MX,branch
c_cust_057_cash_0,2026-02-16 18:00,cust_057,acct_1057,130.38,USD,cash_withdrawal,Self,IN,branch
c_cust_043_shop_0_1,2026-02-16 19:00,cust_043,acct_1043,102.52,USD,payment,Online Marketplace,AE,online
c_cust_055_shop_0_1,2026-02-16 19:00,cust_055,acct_1055,70.17,USD,payment,Online Marketplace,MX,mobile
c_cust_021_util_0_1,2026-02-16 21:00,cust_021,acct_1021,159.34,USD,payment,Metro Water Authority,SG,branch
c_cust_055_shop_0_2,2026-02-16 21:00,cust_055,acct_1055,22.68,USD,payment,Superstore Retail,MX,online
c_cust_058_shop_0_1,2026-02-17 11:00,cust_058,acct_1058,85.49,USD,payment,Grocery Mart,KE,mobile
c_cust_015_shop_0_0,2026-02-17 12:00,cust_015,acct_1015,130.37,USD,payment,Online Marketplace,AU,online
c_cust_035_shop_0_1,2026-02-17 14:00,cust_035,acct_1035,147.26,USD,payment,Online Marketplace,DE,online
c_cust_043_cash_0,2026-02-17 14:00,cust_043,acct_1043,290.32,USD,cash_withdrawal,Self,AE,branch
c_cust_050_shop_0_1,2026-02-17 16:00,cust_050,acct_1050,56.08,USD,payment,Home Goods Co,IT,mobile
c_cust_056_shop_0_0,2026-02-17 21:00,cust_056,acct_1056,38.62,USD,payment,Grocery Mart,FR,online
c_cust_021_shop_0_2,2026-02-18 09:00,cust_021,acct_1021,81.99,USD,payment,Superstore Retail,SG,online
c_cust_025_shop_0_1,2026-02-18 10:00,cust_025,acct_1025,103.47,USD,payment,Online Marketplace,GB,online
c_cust_064_cash_0,2026-02-18 11:00,cust_064,acct_1064,225.34,USD,cash_withdrawal,Self,NL,branch
c_cust_050_shop_0_2,2026-02-18 13:00,cust_050,acct_1050,63.36,USD,payment,Grocery Mart,IT,mobile
c_cust_028_cash_0,2026-02-18 14:00,cust_028,acct_1028,243.09,USD,cash_withdrawal,Self,AE,branch
c_cust_048_shop_0_1,2026-02-18 18:00,cust_048,acct_1048,156.05,USD,payment,Corner Pharmacy,SE,online
c_cust_060_shop_0_0,2026-02-18 18:00,cust_060,acct_1060,39.56,USD,payment,Home Goods Co,PH,mobile
c_cust_031_shop_0_3,2026-02-19 12:00,cust_031,acct_1031,92.36,USD,payment,Home Goods Co,SE,mobile
c_cust_034_shop_0_1,2026-02-19 12:00,cust_034,acct_1034,48.23,USD,payment,Grocery Mart,DE,online
c_cust_044_cash_0,2026-02-19 13:00,cust_044,acct_1044,96.68,USD,cash_withdrawal,Self,CA,branch
c_cust_061_shop_0_1,2026-02-19 13:00,cust_061,acct_1061,115.57,USD,payment,Superstore Retail,JP,mobile
c_cust_022_shop_0_1,2026-02-19 14:00,cust_022,acct_1022,172.94,USD,payment,Home Goods Co,US,mobile
c_cust_045_shop_0_2,2026-02-19 14:00,cust_045,acct_1045,16.72,USD,payment,Online Marketplace,NL,online
c_cust_028_shop_0_0,2026-02-19 15:00,cust_028,acct_1028,110.96,USD,payment,Grocery Mart,AE,mobile
c_cust_013_shop_0_2,2026-02-19 16:00,cust_013,acct_1013,74.66,USD,payment,Superstore Retail,IN,online
c_cust_021_shop_0_0,2026-02-19 16:00,cust_021,acct_1021,114.31,USD,payment,Home Goods Co,SG,mobile
c_cust_025_cash_0,2026-02-19 18:00,cust_025,acct_1025,364.96,USD,cash_withdrawal,Self,GB,branch
c_cust_048_shop_0_0,2026-02-20 13:00,cust_048,acct_1048,175.23,USD,payment,Grocery Mart,SE,mobile
c_cust_054_shop_0_2,2026-02-20 18:00,cust_054,acct_1054,162.27,USD,payment,Corner Pharmacy,AE,mobile
c_cust_032_shop_0_0,2026-02-20 19:00,cust_032,acct_1032,127.12,USD,payment,Corner Pharmacy,AE,mobile
c_cust_063_shop_0_1,2026-02-20 19:00,cust_063,acct_1063,140.11,USD,payment,Corner Pharmacy,AU,mobile
c_cust_062_shop_0_3,2026-02-20 21:00,cust_062,acct_1062,33.53,USD,payment,Online Marketplace,GB,mobile
c_cust_014_shop_0_1,2026-02-21 10:00,cust_014,acct_1014,129.87,USD,payment,Online Marketplace,NG,mobile
c_cust_057_shop_0_1,2026-02-21 11:00,cust_057,acct_1057,54.58,USD,payment,Home Goods Co,IN,mobile
c_cust_041_cash_0,2026-02-21 17:00,cust_041,acct_1041,319.19,USD,cash_withdrawal,Self,US,branch
c_cust_034_shop_0_0,2026-02-21 19:00,cust_034,acct_1034,133.2,USD,payment,Online Marketplace,DE,online
c_cust_023_shop_0_2,2026-02-21 20:00,cust_023,acct_1023,126.36,USD,payment,Home Goods Co,SG,mobile
c_cust_019_shop_0_1,2026-02-21 21:00,cust_019,acct_1019,31.59,USD,payment,Corner Pharmacy,IN,online
c_cust_049_shop_0_2,2026-02-22 09:00,cust_049,acct_1049,89.68,USD,payment,Home Goods Co,FR,online
c_cust_053_shop_0_2,2026-02-22 09:00,cust_053,acct_1053,107.35,USD,payment,Corner Pharmacy,KE,online
c_cust_041_shop_0_0,2026-02-22 11:00,cust_041,acct_1041,155.25,USD,payment,Corner Pharmacy,US,online
c_cust_015_cash_0,2026-02-22 14:00,cust_015,acct_1015,326.54,USD,cash_withdrawal,Self,AU,branch
c_cust_020_shop_0_1,2026-02-22 14:00,cust_020,acct_1020,88.72,USD,payment,Corner Pharmacy,PH,online
c_cust_018_shop_0_1,2026-02-22 15:00,cust_018,acct_1018,47.68,USD,payment,Online Marketplace,IN,online
c_cust_045_shop_0_1,2026-02-22 15:00,cust_045,acct_1045,24.3,USD,payment,Grocery Mart,NL,online
c_cust_053_shop_0_0,2026-02-22 15:00,cust_053,acct_1053,111.5,USD,payment,Home Goods Co,KE,mobile
c_cust_013_shop_0_1,2026-02-22 17:00,cust_013,acct_1013,85.55,USD,payment,Online Marketplace,IN,mobile
c_cust_055_shop_0_0,2026-02-22 20:00,cust_055,acct_1055,36.06,USD,payment,Superstore Retail,MX,online
c_cust_041_shop_0_2,2026-02-23 11:00,cust_041,acct_1041,56.69,USD,payment,Online Marketplace,US,mobile
c_cust_036_shop_0_1,2026-02-23 12:00,cust_036,acct_1036,147.41,USD,payment,Home Goods Co,MX,mobile
c_cust_024_shop_0_0,2026-02-23 13:00,cust_024,acct_1024,36.05,USD,payment,Grocery Mart,GB,online
c_cust_052_shop_0_0,2026-02-23 13:00,cust_052,acct_1052,80.36,USD,payment,Superstore Retail,KE,online
c_cust_027_shop_0_2,2026-02-23 15:00,cust_027,acct_1027,113.51,USD,payment,Home Goods Co,KE,online
c_cust_039_cash_0,2026-02-23 16:00,cust_039,acct_1039,268.2,USD,cash_withdrawal,Self,NG,branch
c_cust_014_shop_0_0,2026-02-23 17:00,cust_014,acct_1014,165.83,USD,payment,Home Goods Co,NG,mobile
c_cust_043_shop_0_0,2026-02-23 17:00,cust_043,acct_1043,111.21,USD,payment,Corner Pharmacy,AE,online
c_cust_046_shop_0_3,2026-02-23 18:00,cust_046,acct_1046,132.24,USD,payment,Online Marketplace,PH,mobile
c_cust_065_shop_0_2,2026-02-23 19:00,cust_065,acct_1065,157.51,USD,payment,Grocery Mart,MX,mobile
c_cust_013_shop_0_3,2026-02-23 21:00,cust_013,acct_1013,55.28,USD,payment,Home Goods Co,IN,mobile
c_cust_066_shop_0_3,2026-02-24 10:00,cust_066,acct_1066,52.55,USD,payment,Grocery Mart,KE,mobile
c_cust_050_cash_0,2026-02-24 13:00,cust_050,acct_1050,307.95,USD,cash_withdrawal,Self,IT,branch
c_cust_054_shop_0_1,2026-02-24 13:00,cust_054,acct_1054,76.69,USD,payment,Corner Pharmacy,AE,mobile
c_cust_065_shop_0_1,2026-02-24 13:00,cust_065,acct_1065,178.29,USD,payment,Corner Pharmacy,MX,mobile
c_cust_027_shop_0_1,2026-02-24 15:00,cust_027,acct_1027,42.11,USD,payment,Grocery Mart,KE,mobile
c_cust_036_cash_0,2026-02-24 17:00,cust_036,acct_1036,129.31,USD,cash_withdrawal,Self,MX,branch
c_cust_057_shop_0_0,2026-02-25 15:00,cust_057,acct_1057,124.09,USD,payment,Home Goods Co,IN,mobile
c_cust_033_shop_0_1,2026-02-25 16:00,cust_033,acct_1033,177.99,USD,payment,Corner Pharmacy,US,mobile
c_cust_026_shop_0_2,2026-02-26 11:00,cust_026,acct_1026,58.01,USD,payment,Grocery Mart,DE,mobile
c_cust_040_shop_0_1,2026-02-26 15:00,cust_040,acct_1040,37.08,USD,payment,Grocery Mart,NG,online
c_cust_044_shop_0_2,2026-02-26 16:00,cust_044,acct_1044,145.56,USD,payment,Superstore Retail,CA,online
c_cust_067_cash_0,2026-02-26 16:00,cust_067,acct_1067,176.08,USD,cash_withdrawal,Self,GB,branch
c_cust_037_shop_0_1,2026-02-26 21:00,cust_037,acct_1037,130.73,USD,payment,Superstore Retail,AU,online
c_cust_040_cash_0,2026-02-27 11:00,cust_040,acct_1040,217.66,USD,cash_withdrawal,Self,NG,branch
c_cust_054_cash_0,2026-02-27 13:00,cust_054,acct_1054,105.87,USD,cash_withdrawal,Self,AE,branch
c_cust_029_shop_0_2,2026-02-27 14:00,cust_029,acct_1029,106.38,USD,payment,Corner Pharmacy,CA,online
c_cust_015_shop_0_1,2026-02-27 16:00,cust_015,acct_1015,37.63,USD,payment,Grocery Mart,AU,mobile
c_cust_040_shop_0_0,2026-02-27 17:00,cust_040,acct_1040,87.06,USD,payment,Corner Pharmacy,NG,online
c_cust_044_shop_0_3,2026-02-27 19:00,cust_044,acct_1044,92.86,USD,payment,Corner Pharmacy,CA,online
c_cust_026_shop_0_0,2026-02-28 11:00,cust_026,acct_1026,58.96,USD,payment,Corner Pharmacy,DE,online
c_cust_038_shop_0_0,2026-02-28 11:00,cust_038,acct_1038,79.5,USD,payment,Grocery Mart,KE,online
c_cust_038_shop_0_1,2026-02-28 11:00,cust_038,acct_1038,32.12,USD,payment,Superstore Retail,KE,mobile
c_cust_046_shop_0_2,2026-02-28 12:00,cust_046,acct_1046,176.04,USD,payment,Grocery Mart,PH,mobile
c_cust_056_shop_0_2,2026-02-28 13:00,cust_056,acct_1056,31.1,USD,payment,Superstore Retail,FR,mobile
c_cust_062_shop_0_0,2026-02-28 17:00,cust_062,acct_1062,160.04,USD,payment,Corner Pharmacy,GB,online
c_cust_053_sal_1,2026-03-03 07:00,cust_053,acct_1053,9368.95,USD,salary,Mercer-Ramos Payroll,KE,online
c_cust_054_sal_1,2026-03-03 07:00,cust_054,acct_1054,9454.78,USD,salary,Morris Ltd Payroll,AE,online
c_cust_057_sal_1,2026-03-03 07:00,cust_057,acct_1057,5325.17,USD,salary,"Johnson, Tran and Nguyen Payroll",IN,online
c_cust_064_sal_1,2026-03-03 07:00,cust_064,acct_1064,2768.35,USD,salary,Edwards-Lawson Payroll,NL,online
c_cust_066_sal_1,2026-03-03 07:00,cust_066,acct_1066,3416.71,USD,salary,Montgomery Group Payroll,KE,online
c_cust_020_sal_1,2026-03-03 08:00,cust_020,acct_1020,4150.34,USD,salary,Black and Sons Payroll,PH,online
c_cust_022_sal_1,2026-03-03 08:00,cust_022,acct_1022,7426.9,USD,salary,Gonzalez-Harris Payroll,US,online
c_cust_049_sal_1,2026-03-03 08:00,cust_049,acct_1049,4354.04,USD,salary,Garcia LLC Payroll,FR,online
c_cust_055_sal_1,2026-03-03 08:00,cust_055,acct_1055,9974.05,USD,salary,"Williams, Francis and Norris Payroll",MX,online
c_cust_014_sal_1,2026-03-03 09:00,cust_014,acct_1014,3284.56,USD,salary,Golden-Blair Payroll,NG,online
c_cust_015_sal_1,2026-03-03 09:00,cust_015,acct_1015,12082.27,USD,salary,Riley-Bryant Payroll,AU,online
c_cust_019_sal_1,2026-03-03 09:00,cust_019,acct_1019,12127.38,USD,salary,Rush PLC Payroll,IN,online
c_cust_029_sal_1,2026-03-03 09:00,cust_029,acct_1029,4834.96,USD,salary,Davis-Diaz Payroll,CA,online
c_cust_032_sal_1,2026-03-03 09:00,cust_032,acct_1032,4360.85,USD,salary,Randolph Ltd Payroll,AE,online
c_cust_033_sal_1,2026-03-03 09:00,cust_033,acct_1033,5547.98,USD,salary,"Reynolds, Simpson and Davenport Payroll",US,online
c_cust_034_sal_1,2026-03-03 09:00,cust_034,acct_1034,6269.91,USD,salary,"Hobbs, Jordan and Brown Payroll",DE,online
c_cust_039_sal_1,2026-03-03 09:00,cust_039,acct_1039,6440.12,USD,salary,Wang-Jensen Payroll,NG,online
c_cust_044_sal_1,2026-03-03 09:00,cust_044,acct_1044,3507.17,USD,salary,"Goodwin, Newman and Mitchell Payroll",CA,online
c_cust_047_sal_1,2026-03-03 09:00,cust_047,acct_1047,4422.49,USD,salary,Ross-Griffin Payroll,AU,online
c_cust_052_sal_1,2026-03-03 09:00,cust_052,acct_1052,5951.78,USD,salary,Brown-Johnson Payroll,KE,online
c_cust_058_sal_1,2026-03-03 09:00,cust_058,acct_1058,6399.49,USD,salary,Chan LLC Payroll,KE,online
c_cust_060_sal_1,2026-03-03 09:00,cust_060,acct_1060,6710.52,USD,salary,"Cline, Cole and Green Payroll",PH,online
c_cust_017_sal_1,2026-03-03 10:00,cust_017,acct_1017,7937.72,USD,salary,"Henson, Rosario and Hernandez Payroll",BR,online
c_cust_036_sal_1,2026-03-03 10:00,cust_036,acct_1036,8697.07,USD,salary,"Castaneda, Moore and Orozco Payroll",MX,online
c_cust_046_sal_1,2026-03-03 10:00,cust_046,acct_1046,4563.07,USD,salary,Clay Ltd Payroll,PH,online
c_cust_048_sal_1,2026-03-03 10:00,cust_048,acct_1048,9888.4,USD,salary,Walker and Sons Payroll,SE,online
c_cust_065_sal_1,2026-03-03 10:00,cust_065,acct_1065,4869.94,USD,salary,Wright Ltd Payroll,MX,online
c_cust_032_shop_1_2,2026-03-03 12:00,cust_032,acct_1032,90.8,USD,payment,Home Goods Co,AE,online
c_cust_034_shop_1_3,2026-03-03 13:00,cust_034,acct_1034,59.39,USD,payment,Grocery Mart,DE,online
c_cust_032_shop_1_1,2026-03-03 14:00,cust_032,acct_1032,110.56,USD,payment,Online Marketplace,AE,online
c_cust_037_shop_1_3,2026-03-03 14:00,cust_037,acct_1037,170.15,USD,payment,Corner Pharmacy,AU,mobile
c_cust_053_shop_1_1,2026-03-03 15:00,cust_053,acct_1053,87.87,USD,payment,Online Marketplace,KE,online
c_cust_039_shop_1_0,2026-03-03 16:00,cust_039,acct_1039,118.82,USD,payment,Superstore Retail,NG,mobile
c_cust_060_shop_1_3,2026-03-03 19:00,cust_060,acct_1060,132.28,USD,payment,Corner Pharmacy,PH,online
c_cust_016_sal_1,2026-03-04 07:00,cust_016,acct_1016,3754.95,USD,salary,Robinson LLC Payroll,GB,online
c_cust_035_sal_1,2026-03-04 07:00,cust_035,acct_1035,5251.13,USD,salary,Kelly Inc Payroll,DE,online
c_cust_059_sal_1,2026-03-04 07:00,cust_059,acct_1059,4677.42,USD,salary,"Fox, Banks and Garcia Payroll",AE,online
c_cust_023_sal_1,2026-03-04 08:00,cust_023,acct_1023,12248.21,USD,salary,Ford-Paul Payroll,SG,online
c_cust_056_sal_1,2026-03-04 08:00,cust_056,acct_1056,2749.51,USD,salary,Reilly and Sons Payroll,FR,online
c_cust_061_sal_1,2026-03-04 08:00,cust_061,acct_1061,4121.56,USD,salary,"Watson, Oliver and Miller Payroll",JP,online
c_cust_062_sal_1,2026-03-04 08:00,cust_062,acct_1062,2447.55,USD,salary,Ashley-Edwards Payroll,GB,online
c_cust_041_sal_1,2026-03-04 09:00,cust_041,acct_1041,3669.46,USD,salary,Cisneros-Anderson Payroll,US,online
c_cust_027_sal_1,2026-03-04 10:00,cust_027,acct_1027,3451.54,USD,salary,"Ferguson, Woods and David Payroll",KE,online
c_cust_037_sal_1,2026-03-04 10:00,cust_037,acct_1037,4748.16,USD,salary,"Conley, Ballard and Mckenzie Payroll",AU,online
c_cust_042_sal_1,2026-03-04 10:00,cust_042,acct_1042,4016.09,USD,salary,Nguyen LLC Payroll,IN,online
c_cust_063_sal_1,2026-03-04 10:00,cust_063,acct_1063,7104.57,USD,salary,Williams and Sons Payroll,AU,online
c_cust_057_cash_1,2026-03-04 11:00,cust_057,acct_1057,225.61,USD,cash_withdrawal,Self,IN,branch
c_cust_016_cash_1,2026-03-04 12:00,cust_016,acct_1016,276.62,USD,cash_withdrawal,Self,GB,branch
c_cust_054_shop_1_1,2026-03-04 12:00,cust_054,acct_1054,173.08,USD,payment,Corner Pharmacy,AE,mobile
c_cust_066_shop_1_0,2026-03-04 12:00,cust_066,acct_1066,58.46,USD,payment,Home Goods Co,KE,online
c_cust_019_shop_1_2,2026-03-04 14:00,cust_019,acct_1019,71.1,USD,payment,Grocery Mart,IN,online
c_cust_041_shop_1_0,2026-03-04 14:00,cust_041,acct_1041,85.13,USD,payment,Online Marketplace,US,mobile
c_cust_059_shop_1_0,2026-03-04 15:00,cust_059,acct_1059,44.91,USD,payment,Grocery Mart,AE,mobile
c_cust_041_cash_1,2026-03-04 18:00,cust_041,acct_1041,143.29,USD,cash_withdrawal,Self,US,branch
c_cust_013_shop_1_3,2026-03-04 20:00,cust_013,acct_1013,130.75,USD,payment,Home Goods Co,IN,mobile
c_cust_016_shop_1_1,2026-03-04 20:00,cust_016,acct_1016,162.17,USD,payment,Corner Pharmacy,GB,online
c_cust_053_shop_1_3,2026-03-04 21:00,cust_053,acct_1053,63.73,USD,payment,Home Goods Co,KE,online
c_cust_024_sal_1,2026-03-05 07:00,cust_024,acct_1024,5915.07,USD,salary,Smith Ltd Payroll,GB,online
c_cust_040_sal_1,2026-03-05 07:00,cust_040,acct_1040,8345.15,USD,salary,Owens-Wang Payroll,NG,online
c_cust_043_sal_1,2026-03-05 07:00,cust_043,acct_1043,4588.11,USD,salary,Reid-Hernandez Payroll,AE,online
c_cust_026_sal_1,2026-03-05 08:00,cust_026,acct_1026,9379.61,USD,salary,"Peters, Mueller and Rodriguez Payroll",DE,online
c_cust_031_sal_1,2026-03-05 08:00,cust_031,acct_1031,3342.7,USD,salary,Miller-Chase Payroll,SE,online
c_cust_036_rent_1,2026-03-05 08:00,cust_036,acct_1036,3112.72,USD,payment,Metro Landlord LLC,MX,online
c_cust_013_rent_1,2026-03-05 09:00,cust_013,acct_1013,643.66,USD,payment,Home Realty Trust,IN,online
c_cust_025_sal_1,2026-03-05 09:00,cust_025,acct_1025,6489.13,USD,salary,"Gomez, Ellis and Aguilar Payroll",GB,online
c_cust_034_rent_1,2026-03-05 09:00,cust_034,acct_1034,1314.23,USD,payment,Home Realty Trust,DE,online
c_cust_038_sal_1,2026-03-05 09:00,cust_038,acct_1038,8373.59,USD,salary,Goodman PLC Payroll,KE,online
c_cust_045_sal_1,2026-03-05 09:00,cust_045,acct_1045,4861.88,USD,salary,Jackson and Sons Payroll,NL,online
c_cust_050_sal_1,2026-03-05 09:00,cust_050,acct_1050,11991.57,USD,salary,"Parker, Johnson and Jimenez Payroll",IT,online
c_cust_051_sal_1,2026-03-05 09:00,cust_051,acct_1051,4351.97,USD,salary,Simpson and Sons Payroll,SE,online
c_cust_067_sal_1,2026-03-05 09:00,cust_067,acct_1067,8566.53,USD,salary,"Edwards, Le and Miller Payroll",GB,online
c_cust_013_sal_1,2026-03-05 10:00,cust_013,acct_1013,2775.08,USD,salary,Garcia PLC Payroll,IN,online
c_cust_013_shop_1_2,2026-03-05 10:00,cust_013,acct_1013,170.87,USD,payment,Corner Pharmacy,IN,online
c_cust_018_sal_1,2026-03-05 10:00,cust_018,acct_1018,8898.85,USD,salary,"Pena, Singh and Bryant Payroll",IN,online
c_cust_021_sal_1,2026-03-05 10:00,cust_021,acct_1021,6811.12,USD,salary,Shaffer Group Payroll,SG,online
c_cust_028_sal_1,2026-03-05 10:00,cust_028,acct_1028,3798.66,USD,salary,Ayers Ltd Payroll,AE,online
c_cust_030_sal_1,2026-03-05 10:00,cust_030,acct_1030,7106.59,USD,salary,Nelson and Sons Payroll,IT,online
c_cust_065_rent_1,2026-03-05 10:00,cust_065,acct_1065,1428.48,USD,payment,Home Realty Trust,MX,online
c_cust_019_rent_1,2026-03-05 11:00,cust_019,acct_1019,2703.31,USD,payment,Metro Landlord LLC,IN,online
c_cust_057_rent_1,2026-03-05 11:00,cust_057,acct_1057,1550.49,USD,payment,Metro Landlord LLC,IN,online
c_cust_037_rent_1,2026-03-05 12:00,cust_037,acct_1037,1274.54,USD,payment,City Rentals,AU,online
c_cust_043_shop_1_1,2026-03-05 12:00,cust_043,acct_1043,104.52,USD,payment,Corner Pharmacy,AE,online
c_cust_027_rent_1,2026-03-05 13:00,cust_027,acct_1027,1126.86,USD,payment,Metro Landlord LLC,KE,online
c_cust_016_rent_1,2026-03-05 14:00,cust_016,acct_1016,986.32,USD,payment,City Rentals,GB,online
c_cust_041_rent_1,2026-03-05 14:00,cust_041,acct_1041,1105.74,USD,payment,City Rentals,US,online
c_cust_065_shop_1_0,2026-03-05 14:00,cust_065,acct_1065,61.41,USD,payment,Online Marketplace,MX,mobile
c_cust_056_cash_1,2026-03-05 15:00,cust_056,acct_1056,196.67,USD,cash_withdrawal,Self,FR,branch
c_cust_067_rent_1,2026-03-05 16:00,cust_067,acct_1067,1989.86,USD,payment,Home Realty Trust,GB,online
c_cust_041_shop_1_1,2026-03-05 17:00,cust_041,acct_1041,35.11,USD,payment,Corner Pharmacy,US,online
c_cust_051_rent_1,2026-03-05 17:00,cust_051,acct_1051,1070.39,USD,payment,Parkview Apartments,SE,online
c_cust_062_rent_1,2026-03-05 17:00,cust_062,acct_1062,603.3,USD,payment,City Rentals,GB,online
c_cust_022_rent_1,2026-03-05 18:00,cust_022,acct_1022,2278.08,USD,payment,City Rentals,US,online
c_cust_021_shop_1_1,2026-03-05 20:00,cust_021,acct_1021,123.16,USD,payment,Superstore Retail,SG,online
c_cust_023_rent_1,2026-03-05 20:00,cust_023,acct_1023,2596.67,USD,payment,Metro Landlord LLC,SG,online
c_cust_031_rent_1,2026-03-05 20:00,cust_031,acct_1031,1187.7,USD,payment,City Rentals,SE,online
c_cust_046_rent_1,2026-03-05 20:00,cust_046,acct_1046,1705.86,USD,payment,Home Realty Trust,PH,online
c_cust_049_rent_1,2026-03-05 20:00,cust_049,acct_1049,941.7,USD,payment,Parkview Apartments,FR,online
c_cust_050_rent_1,2026-03-05 20:00,cust_050,acct_1050,3049.82,USD,payment,Parkview Apartments,IT,online
c_cust_013_shop_1_0,2026-03-05 21:00,cust_013,acct_1013,107.08,USD,payment,Online Marketplace,IN,mobile
c_cust_037_shop_1_1,2026-03-06 09:00,cust_037,acct_1037,50.46,USD,payment,Superstore Retail,AU,mobile
c_cust_042_shop_1_2,2026-03-06 10:00,cust_042,acct_1042,93.76,USD,payment,Corner Pharmacy,IN,mobile
c_cust_025_rent_1,2026-03-06 11:00,cust_025,acct_1025,1660.33,USD,payment,Metro Landlord LLC,GB,online
c_cust_063_rent_1,2026-03-06 11:00,cust_063,acct_1063,1859.14,USD,payment,Metro Landlord LLC,AU,online
c_cust_032_rent_1,2026-03-06 12:00,cust_032,acct_1032,1097.56,USD,payment,Metro Landlord LLC,AE,online
c_cust_039_rent_1,2026-03-06 12:00,cust_039,acct_1039,2023.37,USD,payment,City Rentals,NG,online
c_cust_048_rent_1,2026-03-06 12:00,cust_048,acct_1048,2614.75,USD,payment,Metro Landlord LLC,SE,online
c_cust_021_shop_1_2,2026-03-06 13:00,cust_021,acct_1021,53.33,USD,payment,Grocery Mart,SG,online
c_cust_052_rent_1,2026-03-06 13:00,cust_052,acct_1052,1597.01,USD,payment,Home Realty Trust,KE,online
c_cust_054_rent_1,2026-03-06 13:00,cust_054,acct_1054,2084.97,USD,payment,Parkview Apartments,AE,online
c_cust_030_rent_1,2026-03-06 14:00,cust_030,acct_1030,1928.31,USD,payment,Metro Landlord LLC,IT,online
c_cust_015_rent_1,2026-03-06 15:00,cust_015,acct_1015,2563.05,USD,payment,Metro Landlord LLC,AU,online
c_cust_018_rent_1,2026-03-06 15:00,cust_018,acct_1018,2785.33,USD,payment,Home Realty Trust,IN,online
c_cust_021_rent_1,2026-03-06 16:00,cust_021,acct_1021,2220.85,USD,payment,Parkview Apartments,SG,online
c_cust_059_rent_1,2026-03-06 16:00,cust_059,acct_1059,1434.02,USD,payment,Metro Landlord LLC,AE,online
c_cust_066_rent_1,2026-03-06 16:00,cust_066,acct_1066,1113.56,USD,payment,City Rentals,KE,online
c_cust_048_shop_1_1,2026-03-06 17:00,cust_048,acct_1048,97.08,USD,payment,Home Goods Co,SE,mobile
c_cust_064_rent_1,2026-03-06 17:00,cust_064,acct_1064,614.13,USD,payment,Metro Landlord LLC,NL,online
c_cust_049_cash_1,2026-03-06 18:00,cust_049,acct_1049,312.45,USD,cash_withdrawal,Self,FR,branch
c_cust_017_rent_1,2026-03-06 19:00,cust_017,acct_1017,2751.3,USD,payment,City Rentals,BR,online
c_cust_024_shop_1_0,2026-03-06 19:00,cust_024,acct_1024,44.91,USD,payment,Grocery Mart,GB,mobile
c_cust_029_rent_1,2026-03-06 19:00,cust_029,acct_1029,1659.51,USD,payment,Metro Landlord LLC,CA,online
c_cust_014_rent_1,2026-03-06 20:00,cust_014,acct_1014,1025.49,USD,payment,Metro Landlord LLC,NG,online
c_cust_056_shop_1_3,2026-03-06 20:00,cust_056,acct_1056,61.5,USD,payment,Corner Pharmacy,FR,online
c_cust_028_rent_1,2026-03-07 08:00,cust_028,acct_1028,906.97,USD,payment,Parkview Apartments,AE,online
c_cust_033_rent_1,2026-03-07 08:00,cust_033,acct_1033,1486.18,USD,payment,Home Realty Trust,US,online
c_cust_020_rent_1,2026-03-07 09:00,cust_020,acct_1020,1115.15,USD,payment,Home Realty Trust,PH,online
c_cust_026_rent_1,2026-03-07 09:00,cust_026,acct_1026,2719.12,USD,payment,Parkview Apartments,DE,online
c_cust_045_rent_1,2026-03-07 09:00,cust_045,acct_1045,1363.98,USD,payment,Metro Landlord LLC,NL,online
c_cust_066_cash_1,2026-03-07 10:00,cust_066,acct_1066,385.74,USD,cash_withdrawal,Self,KE,branch
c_cust_060_shop_1_2,2026-03-07 11:00,cust_060,acct_1060,121.26,USD,payment,Home Goods Co,PH,mobile
c_cust_065_shop_1_2,2026-03-07 11:00,cust_065,acct_1065,174.41,USD,payment,Online Marketplace,MX,online
c_cust_028_shop_1_0,2026-03-07 12:00,cust_028,acct_1028,174.14,USD,payment,Corner Pharmacy,AE,mobile
c_cust_025_shop_1_3,2026-03-07 14:00,cust_025,acct_1025,113.54,USD,payment,Online Marketplace,GB,mobile
c_cust_060_rent_1,2026-03-07 14:00,cust_060,acct_1060,1606.49,USD,payment,Home Realty Trust,PH,online
c_cust_042_rent_1,2026-03-07 16:00,cust_042,acct_1042,1043.45,USD,payment,City Rentals,IN,online
c_cust_058_rent_1,2026-03-07 16:00,cust_058,acct_1058,1613.42,USD,payment,Metro Landlord LLC,KE,online
c_cust_040_rent_1,2026-03-07 17:00,cust_040,acct_1040,3113.24,USD,payment,Home Realty Trust,NG,online
c_cust_030_shop_1_2,2026-03-07 19:00,cust_030,acct_1030,131.65,USD,payment,Corner Pharmacy,IT,online
c_cust_034_shop_1_0,2026-03-07 19:00,cust_034,acct_1034,136.8,USD,payment,Home Goods Co,DE,online
c_cust_035_rent_1,2026-03-07 19:00,cust_035,acct_1035,1756.1,USD,payment,Parkview Apartments,DE,online
c_cust_044_rent_1,2026-03-07 19:00,cust_044,acct_1044,960.63,USD,payment,City Rentals,CA,online
c_cust_056_rent_1,2026-03-07 19:00,cust_056,acct_1056,871.55,USD,payment,Home Realty Trust,FR,online
c_cust_014_util_1_1,2026-03-08 08:00,cust_014,acct_1014,211.73,USD,payment,National Broadband Co,NG,mobile
c_cust_053_rent_1,2026-03-08 08:00,cust_053,acct_1053,2884.19,USD,payment,City Rentals,KE,online
c_cust_059_util_1_0,2026-03-08 09:00,cust_059,acct_1059,105.55,USD,payment,Metro Water Authority,AE,online
c_cust_038_rent_1,2026-03-08 10:00,cust_038,acct_1038,2480.92,USD,payment,Parkview Apartments,KE,online
c_cust_043_rent_1,2026-03-08 11:00,cust_043,acct_1043,1529.46,USD,payment,Parkview Apartments,AE,online
c_cust_055_rent_1,2026-03-08 11:00,cust_055,acct_1055,3556.44,USD,payment,Parkview Apartments,MX,online
c_cust_056_shop_1_0,2026-03-08 11:00,cust_056,acct_1056,116.42,USD,payment,Online Marketplace,FR,online
c_cust_044_shop_1_1,2026-03-08 12:00,cust_044,acct_1044,177.73,USD,payment,Online Marketplace,CA,online
c_cust_047_rent_1,2026-03-08 13:00,cust_047,acct_1047,972.53,USD,payment,Home Realty Trust,AU,online
c_cust_051_cash_1,2026-03-08 13:00,cust_051,acct_1051,286.03,USD,cash_withdrawal,Self,SE,branch
c_cust_048_shop_1_2,2026-03-08 14:00,cust_048,acct_1048,161.2,USD,payment,Online Marketplace,SE,mobile
c_cust_046_shop_1_1,2026-03-08 15:00,cust_046,acct_1046,73.83,USD,payment,Corner Pharmacy,PH,mobile
c_cust_061_rent_1,2026-03-08 15:00,cust_061,acct_1061,1454.38,USD,payment,City Rentals,JP,online
c_cust_017_shop_1_1,2026-03-08 16:00,cust_017,acct_1017,83.45,USD,payment,Online Marketplace,BR,mobile
c_cust_024_rent_1,2026-03-08 17:00,cust_024,acct_1024,1922.78,USD,payment,Metro Landlord LLC,GB,online
c_cust_020_util_1_0,2026-03-08 18:00,cust_020,acct_1020,59.96,USD,payment,Gas & Power Ltd,PH,mobile
c_cust_028_util_1_0,2026-03-08 18:00,cust_028,acct_1028,45.7,USD,payment,Regional Electric Board,AE,online
c_cust_049_shop_1_2,2026-03-08 18:00,cust_049,acct_1049,22.49,USD,payment,Grocery Mart,FR,online
c_cust_039_util_1_1,2026-03-08 19:00,cust_039,acct_1039,148.97,USD,payment,City Utilities,NG,mobile
c_cust_057_util_1_1,2026-03-09 08:00,cust_057,acct_1057,198.35,USD,payment,Regional Electric Board,IN,branch
c_cust_062_util_1_1,2026-03-09 08:00,cust_062,acct_1062,115.85,USD,payment,National Broadband Co,GB,branch
c_cust_063_shop_1_1,2026-03-09 09:00,cust_063,acct_1063,177.4,USD,payment,Superstore Retail,AU,online
c_cust_025_util_1_0,2026-03-09 10:00,cust_025,acct_1025,215.35,USD,payment,Metro Water Authority,GB,mobile
c_cust_020_shop_1_2,2026-03-09 11:00,cust_020,acct_1020,176.99,USD,payment,Corner Pharmacy,PH,mobile
c_cust_053_shop_1_0,2026-03-09 11:00,cust_053,acct_1053,121.03,USD,payment,Grocery Mart,KE,mobile
c_cust_034_shop_1_2,2026-03-09 12:00,cust_034,acct_1034,135.68,USD,payment,Online Marketplace,DE,online
c_cust_022_util_1_1,2026-03-09 14:00,cust_022,acct_1022,243.56,USD,payment,Gas & Power Ltd,US,online
c_cust_060_shop_1_0,2026-03-09 15:00,cust_060,acct_1060,176.86,USD,payment,Superstore Retail,PH,online
c_cust_038_util_1_0,2026-03-09 16:00,cust_038,acct_1038,173.52,USD,payment,National Broadband Co,KE,mobile
c_cust_014_cash_1,2026-03-09 17:00,cust_014,acct_1014,272.18,USD,cash_withdrawal,Self,NG,branch
c_cust_027_shop_1_0,2026-03-09 17:00,cust_027,acct_1027,125.41,USD,payment,Superstore Retail,KE,online
c_cust_058_shop_1_0,2026-03-09 20:00,cust_058,acct_1058,101.37,USD,payment,Superstore Retail,KE,mobile
g_cust_010_c0,2026-03-10 09:00,cust_010,acct_1010,2067.0,USD,cash_deposit,Self,NG,branch
c_cust_025_shop_1_1,2026-03-10 09:00,cust_025,acct_1025,167.23,USD,payment,Corner Pharmacy,GB,mobile
c_cust_033_util_1_0,2026-03-10 09:00,cust_033,acct_1033,34.28,USD,payment,Regional Electric Board,US,online
c_cust_047_util_1_1,2026-03-10 10:00,cust_047,acct_1047,71.38,USD,payment,Regional Electric Board,AU,mobile
c_cust_064_cash_1,2026-03-10 12:00,cust_064,acct_1064,347.4,USD,cash_withdrawal,Self,NL,branch
c_cust_052_shop_1_0,2026-03-10 14:00,cust_052,acct_1052,109.23,USD,payment,Grocery Mart,KE,mobile
c_cust_055_shop_1_0,2026-03-10 14:00,cust_055,acct_1055,177.81,USD,payment,Grocery Mart,MX,online
c_cust_030_util_1_1,2026-03-10 16:00,cust_030,acct_1030,67.65,USD,payment,Gas & Power Ltd,IT,online
c_cust_052_util_1_0,2026-03-10 16:00,cust_052,acct_1052,205.81,USD,payment,National Broadband Co,KE,online
c_cust_031_cash_1,2026-03-10 17:00,cust_031,acct_1031,194.76,USD,cash_withdrawal,Self,SE,branch
c_cust_042_shop_1_1,2026-03-10 17:00,cust_042,acct_1042,43.16,USD,payment,Online Marketplace,IN,online
c_cust_044_cash_1,2026-03-10 17:00,cust_044,acct_1044,322.25,USD,cash_withdrawal,Self,CA,branch
c_cust_016_util_1_1,2026-03-10 18:00,cust_016,acct_1016,235.34,USD,payment,Mobile Telecom,GB,mobile
c_cust_063_util_1_1,2026-03-10 19:00,cust_063,acct_1063,136.33,USD,payment,Gas & Power Ltd,AU,mobile
c_cust_056_shop_1_1,2026-03-10 20:00,cust_056,acct_1056,130.04,USD,payment,Grocery Mart,FR,online
c_cust_060_util_1_0,2026-03-10 20:00,cust_060,acct_1060,113.98,USD,payment,City Utilities,PH,mobile
c_cust_053_util_1_1,2026-03-10 21:00,cust_053,acct_1053,99.05,USD,payment,Gas & Power Ltd,KE,branch
c_cust_024_util_1_0,2026-03-11 08:00,cust_024,acct_1024,183.41,USD,payment,National Broadband Co,GB,branch
c_cust_030_util_1_0,2026-03-11 08:00,cust_030,acct_1030,249.03,USD,payment,Mobile Telecom,IT,mobile
c_cust_032_util_1_0,2026-03-11 10:00,cust_032,acct_1032,218.41,USD,payment,Gas & Power Ltd,AE,mobile
c_cust_014_util_1_0,2026-03-11 11:00,cust_014,acct_1014,149.06,USD,payment,Metro Water Authority,NG,branch
c_cust_060_cash_1,2026-03-11 11:00,cust_060,acct_1060,131.95,USD,cash_withdrawal,Self,PH,branch
c_cust_029_util_1_0,2026-03-11 12:00,cust_029,acct_1029,155.32,USD,payment,Regional Electric Board,CA,branch
c_cust_030_shop_1_0,2026-03-11 12:00,cust_030,acct_1030,174.0,USD,payment,Superstore Retail,IT,mobile
c_cust_041_util_1_1,2026-03-11 13:00,cust_041,acct_1041,212.76,USD,payment,Mobile Telecom,US,online
c_cust_052_shop_1_1,2026-03-11 14:00,cust_052,acct_1052,119.88,USD,payment,Corner Pharmacy,KE,mobile
c_cust_042_cash_1,2026-03-11 15:00,cust_042,acct_1042,83.17,USD,cash_withdrawal,Self,IN,branch
c_cust_041_util_1_0,2026-03-11 16:00,cust_041,acct_1041,233.85,USD,payment,Metro Water Authority,US,online
c_cust_039_shop_1_1,2026-03-11 17:00,cust_039,acct_1039,24.75,USD,payment,Corner Pharmacy,NG,online
c_cust_044_util_1_0,2026-03-11 19:00,cust_044,acct_1044,35.41,USD,payment,Mobile Telecom,CA,mobile
c_cust_017_shop_1_2,2026-03-11 20:00,cust_017,acct_1017,136.89,USD,payment,Online Marketplace,BR,mobile
c_cust_050_util_1_0,2026-03-11 20:00,cust_050,acct_1050,129.4,USD,payment,Gas & Power Ltd,IT,branch
c_cust_027_util_1_0,2026-03-11 21:00,cust_027,acct_1027,127.09,USD,payment,Gas & Power Ltd,KE,online
c_cust_035_util_1_0,2026-03-12 11:00,cust_035,acct_1035,91.04,USD,payment,National Broadband Co,DE,online
c_cust_046_shop_1_2,2026-03-12 11:00,cust_046,acct_1046,119.77,USD,payment,Corner Pharmacy,PH,online
c_cust_038_util_1_1,2026-03-12 13:00,cust_038,acct_1038,100.23,USD,payment,Gas & Power Ltd,KE,branch
c_cust_061_util_1_0,2026-03-12 13:00,cust_061,acct_1061,193.07,USD,payment,City Utilities,JP,branch
c_cust_062_cash_1,2026-03-12 14:00,cust_062,acct_1062,65.54,USD,cash_withdrawal,Self,GB,branch
c_cust_047_util_1_0,2026-03-12 15:00,cust_047,acct_1047,83.51,USD,payment,City Utilities,AU,branch
c_cust_049_shop_1_1,2026-03-12 15:00,cust_049,acct_1049,68.51,USD,payment,Grocery Mart,FR,mobile
c_cust_057_util_1_0,2026-03-12 15:00,cust_057,acct_1057,237.05,USD,payment,National Broadband Co,IN,branch
c_cust_029_shop_1_2,2026-03-12 16:00,cust_029,acct_1029,98.3,USD,payment,Superstore Retail,CA,mobile
c_cust_016_util_1_0,2026-03-12 18:00,cust_016,acct_1016,83.55,USD,payment,Mobile Telecom,GB,branch
c_cust_021_util_1_0,2026-03-12 18:00,cust_021,acct_1021,41.15,USD,payment,Gas & Power Ltd,SG,mobile
c_cust_038_shop_1_3,2026-03-12 21:00,cust_038,acct_1038,99.56,USD,payment,Superstore Retail,KE,mobile
c_cust_061_util_1_1,2026-03-13 08:00,cust_061,acct_1061,111.25,USD,payment,Gas & Power Ltd,JP,branch
c_cust_027_util_1_1,2026-03-13 09:00,cust_027,acct_1027,152.08,USD,payment,City Utilities,KE,mobile
c_cust_063_util_1_0,2026-03-13 09:00,cust_063,acct_1063,46.35,USD,payment,City Utilities,AU,mobile
c_cust_013_util_1_0,2026-03-13 10:00,cust_013,acct_1013,244.65,USD,payment,National Broadband Co,IN,online
c_cust_037_shop_1_2,2026-03-13 10:00,cust_037,acct_1037,148.74,USD,payment,Corner Pharmacy,AU,online
c_cust_053_shop_1_2,2026-03-13 10:00,cust_053,acct_1053,36.15,USD,payment,Grocery Mart,KE,mobile
c_cust_062_shop_1_0,2026-03-13 13:00,cust_062,acct_1062,103.27,USD,payment,Grocery Mart,GB,mobile
c_cust_026_util_1_0,2026-03-13 14:00,cust_026,acct_1026,257.93,USD,payment,Regional Electric Board,DE,online
c_cust_050_shop_1_1,2026-03-13 14:00,cust_050,acct_1050,82.59,USD,payment,Corner Pharmacy,IT,mobile
c_cust_066_shop_1_1,2026-03-13 14:00,cust_066,acct_1066,35.52,USD,payment,Corner Pharmacy,KE,online
c_cust_031_util_1_1,2026-03-13 15:00,cust_031,acct_1031,180.99,USD,payment,Regional Electric Board,SE,mobile
c_cust_046_util_1_0,2026-03-13 15:00,cust_046,acct_1046,69.47,USD,payment,Regional Electric Board,PH,branch
c_cust_065_util_1_0,2026-03-13 15:00,cust_065,acct_1065,145.02,USD,payment,Mobile Telecom,MX,mobile
c_cust_019_util_1_0,2026-03-13 16:00,cust_019,acct_1019,229.21,USD,payment,National Broadband Co,IN,branch
c_cust_038_cash_1,2026-03-13 17:00,cust_038,acct_1038,106.58,USD,cash_withdrawal,Self,KE,branch
c_cust_022_cash_1,2026-03-13 18:00,cust_022,acct_1022,112.81,USD,cash_withdrawal,Self,US,branch
c_cust_049_util_1_0,2026-03-13 18:00,cust_049,acct_1049,48.13,USD,payment,Metro Water Authority,FR,online
c_cust_051_util_1_0,2026-03-13 18:00,cust_051,acct_1051,256.38,USD,payment,Gas & Power Ltd,SE,mobile
c_cust_064_util_1_1,2026-03-13 18:00,cust_064,acct_1064,135.17,USD,payment,Regional Electric Board,NL,mobile
c_cust_051_shop_1_0,2026-03-13 19:00,cust_051,acct_1051,154.43,USD,payment,Online Marketplace,SE,online
c_cust_066_util_1_1,2026-03-13 19:00,cust_066,acct_1066,49.77,USD,payment,National Broadband Co,KE,online
c_cust_021_shop_1_3,2026-03-13 20:00,cust_021,acct_1021,167.65,USD,payment,Online Marketplace,SG,online
c_cust_065_shop_1_1,2026-03-13 20:00,cust_065,acct_1065,83.0,USD,payment,Home Goods Co,MX,online
c_cust_040_util_1_1,2026-03-14 09:00,cust_040,acct_1040,52.55,USD,payment,Regional Electric Board,NG,online
c_cust_014_shop_1_1,2026-03-14 10:00,cust_014,acct_1014,51.38,USD,payment,Superstore Retail,NG,mobile
c_cust_057_shop_1_1,2026-03-14 10:00,cust_057,acct_1057,38.37,USD,payment,Online Marketplace,IN,mobile
c_cust_064_util_1_0,2026-03-14 11:00,cust_064,acct_1064,91.86,USD,payment,Regional Electric Board,NL,branch
c_cust_029_shop_1_1,2026-03-14 12:00,cust_029,acct_1029,134.21,USD,payment,Corner Pharmacy,CA,online
c_cust_028_util_1_1,2026-03-14 13:00,cust_028,acct_1028,145.21,USD,payment,Gas & Power Ltd,AE,branch
c_cust_028_shop_1_3,2026-03-14 14:00,cust_028,acct_1028,75.5,USD,payment,Grocery Mart,AE,mobile
c_cust_015_util_1_0,2026-03-14 15:00,cust_015,acct_1015,67.44,USD,payment,Gas & Power Ltd,AU,online
c_cust_017_util_1_0,2026-03-14 15:00,cust_017,acct_1017,171.43,USD,payment,Regional Electric Board,BR,branch
c_cust_030_shop_1_1,2026-03-14 15:00,cust_030,acct_1030,30.27,USD,payment,Online Marketplace,IT,online
c_cust_054_util_1_0,2026-03-14 15:00,cust_054,acct_1054,70.02,USD,payment,Gas & Power Ltd,AE,online
c_cust_058_shop_1_1,2026-03-14 16:00,cust_058,acct_1058,76.62,USD,payment,Grocery Mart,KE,online
c_cust_067_shop_1_2,2026-03-14 16:00,cust_067,acct_1067,178.06,USD,payment,Online Marketplace,GB,online
c_cust_033_shop_1_0,2026-03-14 17:00,cust_033,acct_1033,127.22,USD,payment,Home Goods Co,US,online
c_cust_065_util_1_1,2026-03-14 17:00,cust_065,acct_1065,60.72,USD,payment,City Utilities,MX,branch
c_cust_060_shop_1_1,2026-03-14 20:00,cust_060,acct_1060,150.12,USD,payment,Home Goods Co,PH,online
g_cust_010_c1,2026-03-15 09:00,cust_010,acct_1010,1340.0,USD,cash_deposit,Self,NG,branch
c_cust_063_shop_1_0,2026-03-15 10:00,cust_063,acct_1063,110.64,USD,payment,Home Goods Co,AU,mobile
c_cust_026_shop_1_0,2026-03-15 13:00,cust_026,acct_1026,83.58,USD,payment,Superstore Retail,DE,online
c_cust_058_util_1_0,2026-03-15 13:00,cust_058,acct_1058,239.8,USD,payment,Regional Electric Board,KE,mobile
c_cust_065_shop_1_3,2026-03-15 14:00,cust_065,acct_1065,78.59,USD,payment,Home Goods Co,MX,mobile
c_cust_013_cash_1,2026-03-15 15:00,cust_013,acct_1013,67.67,USD,cash_withdrawal,Self,IN,branch
c_cust_043_util_1_0,2026-03-15 15:00,cust_043,acct_1043,108.21,USD,payment,Gas & Power Ltd,AE,branch
c_cust_018_shop_1_1,2026-03-15 16:00,cust_018,acct_1018,163.2,USD,payment,Online Marketplace,IN,online
c_cust_052_util_1_1,2026-03-15 16:00,cust_052,acct_1052,78.21,USD,payment,Regional Electric Board,KE,branch
c_cust_038_shop_1_0,2026-03-15 17:00,cust_038,acct_1038,148.43,USD,payment,Grocery Mart,KE,mobile
c_cust_052_shop_1_2,2026-03-15 18:00,cust_052,acct_1052,110.48,USD,payment,Superstore Retail,KE,mobile
c_cust_040_shop_1_2,2026-03-15 19:00,cust_040,acct_1040,126.03,USD,payment,Superstore Retail,NG,mobile
c_cust_055_util_1_1,2026-03-16 08:00,cust_055,acct_1055,104.29,USD,payment,Mobile Telecom,MX,mobile
c_cust_051_shop_1_1,2026-03-16 09:00,cust_051,acct_1051,172.89,USD,payment,Online Marketplace,SE,online
c_cust_042_util_1_0,2026-03-16 11:00,cust_042,acct_1042,141.31,USD,payment,Regional Electric Board,IN,branch
c_cust_015_shop_1_1,2026-03-16 12:00,cust_015,acct_1015,73.84,USD,payment,Grocery Mart,AU,mobile
c_cust_036_shop_1_3,2026-03-16 12:00,cust_036,acct_1036,123.72,USD,payment,Online Marketplace,MX,mobile
c_cust_045_shop_1_2,2026-03-16 13:00,cust_045,acct_1045,37.04,USD,payment,Home Goods Co,NL,mobile
c_cust_048_util_1_0,2026-03-16 13:00,cust_048,acct_1048,123.18,USD,payment,Regional Electric Board,SE,online
c_cust_034_util_1_0,2026-03-16 14:00,cust_034,acct_1034,30.59,USD,payment,Regional Electric Board,DE,branch
c_cust_027_shop_1_1,2026-03-16 15:00,cust_027,acct_1027,143.14,USD,payment,Corner Pharmacy,KE,online
c_cust_022_shop_1_1,2026-03-16 17:00,cust_022,acct_1022,97.7,USD,payment,Corner Pharmacy,US,online
c_cust_035_util_1_1,2026-03-16 18:00,cust_035,acct_1035,143.48,USD,payment,City Utilities,DE,online
c_cust_023_shop_1_2,2026-03-16 19:00,cust_023,acct_1023,45.67,USD,payment,Grocery Mart,SG,mobile
c_cust_062_util_1_0,2026-03-16 19:00,cust_062,acct_1062,102.17,USD,payment,Regional Electric Board,GB,branch
c_cust_022_util_1_0,2026-03-16 20:00,cust_022,acct_1022,54.05,USD,payment,Metro Water Authority,US,mobile
c_cust_033_util_1_1,2026-03-16 20:00,cust_033,acct_1033,223.34,USD,payment,Metro Water Authority,US,mobile
c_cust_035_shop_1_0,2026-03-16 21:00,cust_035,acct_1035,62.92,USD,payment,Online Marketplace,DE,online
c_cust_046_shop_1_0,2026-03-16 21:00,cust_046,acct_1046,134.08,USD,payment,Superstore Retail,PH,online
c_cust_052_shop_1_3,2026-03-16 21:00,cust_052,acct_1052,15.31,USD,payment,Online Marketplace,KE,mobile
c_cust_018_util_1_0,2026-03-17 10:00,cust_018,acct_1018,242.04,USD,payment,City Utilities,IN,online
c_cust_036_shop_1_2,2026-03-17 10:00,cust_036,acct_1036,48.27,USD,payment,Grocery Mart,MX,online
c_cust_022_shop_1_2,2026-03-17 11:00,cust_022,acct_1022,102.7,USD,payment,Home Goods Co,US,online
c_cust_061_shop_1_1,2026-03-17 13:00,cust_061,acct_1061,37.77,USD,payment,Grocery Mart,JP,mobile
c_cust_043_shop_1_0,2026-03-17 14:00,cust_043,acct_1043,144.64,USD,payment,Superstore Retail,AE,mobile
c_cust_036_util_1_0,2026-03-17 15:00,cust_036,acct_1036,71.44,USD,payment,Gas & Power Ltd,MX,branch
c_cust_047_shop_1_2,2026-03-17 16:00,cust_047,acct_1047,160.43,USD,payment,Home Goods Co,AU,mobile
c_cust_067_util_1_0,2026-03-17 17:00,cust_067,acct_1067,105.39,USD,payment,Metro Water Authority,GB,online
c_cust_031_util_1_0,2026-03-17 18:00,cust_031,acct_1031,98.32,USD,payment,Mobile Telecom,SE,mobile
c_cust_040_shop_1_0,2026-03-17 18:00,cust_040,acct_1040,111.61,USD,payment,Corner Pharmacy,NG,online
c_cust_058_util_1_1,2026-03-17 19:00,cust_058,acct_1058,52.68,USD,payment,Regional Electric Board,KE,online
c_cust_066_util_1_0,2026-03-17 19:00,cust_066,acct_1066,132.6,USD,payment,Metro Water Authority,KE,online
c_cust_028_shop_1_1,2026-03-17 21:00,cust_028,acct_1028,118.06,USD,payment,Home Goods Co,AE,mobile
c_cust_029_shop_1_0,2026-03-17 21:00,cust_029,acct_1029,147.82,USD,payment,Superstore Retail,CA,mobile
g_cust_010_rent,2026-03-18 09:00,cust_010,acct_1010,600,USD,payment,Metro Landlord LLC,NG,online
c_cust_017_shop_1_0,2026-03-18 09:00,cust_017,acct_1017,165.46,USD,payment,Home Goods Co,BR,online
c_cust_040_util_1_0,2026-03-18 11:00,cust_040,acct_1040,31.69,USD,payment,Regional Electric Board,NG,mobile
c_cust_060_util_1_1,2026-03-18 12:00,cust_060,acct_1060,70.55,USD,payment,Mobile Telecom,PH,mobile
c_cust_038_shop_1_1,2026-03-18 14:00,cust_038,acct_1038,129.11,USD,payment,Grocery Mart,KE,online
c_cust_045_util_1_0,2026-03-18 14:00,cust_045,acct_1045,203.95,USD,payment,Mobile Telecom,NL,online
c_cust_053_util_1_0,2026-03-18 15:00,cust_053,acct_1053,175.37,USD,payment,Regional Electric Board,KE,mobile
c_cust_055_util_1_0,2026-03-18 15:00,cust_055,acct_1055,125.62,USD,payment,City Utilities,MX,branch
c_cust_023_util_1_0,2026-03-18 16:00,cust_023,acct_1023,195.76,USD,payment,Regional Electric Board,SG,mobile
c_cust_048_shop_1_0,2026-03-18 16:00,cust_048,acct_1048,168.98,USD,payment,Home Goods Co,SE,mobile
c_cust_037_util_1_0,2026-03-18 17:00,cust_037,acct_1037,80.05,USD,payment,Regional Electric Board,AU,branch
c_cust_039_util_1_0,2026-03-18 17:00,cust_039,acct_1039,254.21,USD,payment,City Utilities,NG,mobile
c_cust_056_util_1_0,2026-03-18 17:00,cust_056,acct_1056,133.04,USD,payment,Metro Water Authority,FR,branch
c_cust_023_util_1_1,2026-03-18 18:00,cust_023,acct_1023,221.06,USD,payment,National Broadband Co,SG,mobile
c_cust_059_shop_1_1,2026-03-18 19:00,cust_059,acct_1059,130.09,USD,payment,Superstore Retail,AE,mobile
c_cust_020_shop_1_0,2026-03-19 10:00,cust_020,acct_1020,23.95,USD,payment,Home Goods Co,PH,mobile
c_cust_034_shop_1_1,2026-03-19 14:00,cust_034,acct_1034,153.53,USD,payment,Grocery Mart,DE,mobile
c_cust_061_cash_1,2026-03-19 14:00,cust_061,acct_1061,248.35,USD,cash_withdrawal,Self,JP,branch
c_cust_026_cash_1,2026-03-19 15:00,cust_026,acct_1026,233.67,USD,cash_withdrawal,Self,DE,branch
c_cust_064_shop_1_0,2026-03-19 16:00,cust_064,acct_1064,24.75,USD,payment,Online Marketplace,NL,online
c_cust_031_shop_1_0,2026-03-19 19:00,cust_031,acct_1031,19.59,USD,payment,Superstore Retail,SE,online
c_cust_016_shop_1_2,2026-03-19 21:00,cust_016,acct_1016,98.22,USD,payment,Grocery Mart,GB,online
g_cust_010_c2,2026-03-20 09:00,cust_010,acct_1010,1381.0,USD,cash_deposit,Self,NG,branch
c_cust_021_shop_1_0,2026-03-20 09:00,cust_021,acct_1021,76.9,USD,payment,Corner Pharmacy,SG,mobile
c_cust_036_shop_1_1,2026-03-20 11:00,cust_036,acct_1036,39.05,USD,payment,Superstore Retail,MX,online
c_cust_064_shop_1_1,2026-03-20 12:00,cust_064,acct_1064,94.49,USD,payment,Home Goods Co,NL,mobile
c_cust_021_cash_1,2026-03-20 16:00,cust_021,acct_1021,293.15,USD,cash_withdrawal,Self,SG,branch
c_cust_015_cash_1,2026-03-20 17:00,cust_015,acct_1015,209.76,USD,cash_withdrawal,Self,AU,branch
c_cust_062_shop_1_2,2026-03-21 13:00,cust_062,acct_1062,165.22,USD,payment,Grocery Mart,GB,mobile
c_cust_025_shop_1_0,2026-03-21 14:00,cust_025,acct_1025,81.41,USD,payment,Home Goods Co,GB,online
c_cust_046_cash_1,2026-03-21 15:00,cust_046,acct_1046,102.32,USD,cash_withdrawal,Self,PH,branch
c_cust_032_shop_1_0,2026-03-21 16:00,cust_032,acct_1032,79.0,USD,payment,Online Marketplace,AE,mobile
c_cust_054_cash_1,2026-03-21 16:00,cust_054,acct_1054,235.24,USD,cash_withdrawal,Self,AE,branch
c_cust_040_shop_1_1,2026-03-21 20:00,cust_040,acct_1040,133.67,USD,payment,Corner Pharmacy,NG,online
c_cust_018_shop_1_0,2026-03-22 11:00,cust_018,acct_1018,83.54,USD,payment,Grocery Mart,IN,online
c_cust_066_shop_1_2,2026-03-22 16:00,cust_066,acct_1066,34.53,USD,payment,Superstore Retail,KE,online
c_cust_022_shop_1_0,2026-03-23 09:00,cust_022,acct_1022,76.37,USD,payment,Online Marketplace,US,mobile
c_cust_064_shop_1_2,2026-03-23 09:00,cust_064,acct_1064,136.08,USD,payment,Home Goods Co,NL,online
c_cust_061_shop_1_2,2026-03-23 10:00,cust_061,acct_1061,129.48,USD,payment,Corner Pharmacy,JP,online
c_cust_023_cash_1,2026-03-23 14:00,cust_023,acct_1023,168.91,USD,cash_withdrawal,Self,SG,branch
c_cust_050_shop_1_0,2026-03-23 14:00,cust_050,acct_1050,129.43,USD,payment,Online Marketplace,IT,online
c_cust_019_shop_1_1,2026-03-23 18:00,cust_019,acct_1019,132.1,USD,payment,Online Marketplace,IN,online
c_cust_044_shop_1_0,2026-03-23 20:00,cust_044,acct_1044,129.05,USD,payment,Home Goods Co,CA,online
c_cust_020_shop_1_1,2026-03-23 21:00,cust_020,acct_1020,37.47,USD,payment,Grocery Mart,PH,online
c_cust_045_shop_1_3,2026-03-24 09:00,cust_045,acct_1045,71.97,USD,payment,Superstore Retail,NL,mobile
c_cust_061_shop_1_0,2026-03-24 14:00,cust_061,acct_1061,140.41,USD,payment,Home Goods Co,JP,mobile
c_cust_047_shop_1_3,2026-03-24 15:00,cust_047,acct_1047,99.37,USD,payment,Superstore Retail,AU,online
c_cust_054_shop_1_2,2026-03-24 15:00,cust_054,acct_1054,47.29,USD,payment,Home Goods Co,AE,mobile
c_cust_031_shop_1_2,2026-03-24 18:00,cust_031,acct_1031,76.38,USD,payment,Home Goods Co,SE,mobile
c_cust_033_shop_1_1,2026-03-24 18:00,cust_033,acct_1033,109.87,USD,payment,Superstore Retail,US,mobile
c_cust_031_shop_1_1,2026-03-24 20:00,cust_031,acct_1031,88.81,USD,payment,Grocery Mart,SE,online
c_cust_054_shop_1_0,2026-03-24 21:00,cust_054,acct_1054,32.24,USD,payment,Corner Pharmacy,AE,mobile
g_cust_010_c3,2026-03-25 09:00,cust_010,acct_1010,2049.0,USD,cash_deposit,Self,NG,branch
c_cust_037_shop_1_0,2026-03-25 09:00,cust_037,acct_1037,150.53,USD,payment,Grocery Mart,AU,mobile
c_cust_067_shop_1_0,2026-03-25 09:00,cust_067,acct_1067,162.87,USD,payment,Superstore Retail,GB,online
c_cust_057_shop_1_0,2026-03-25 10:00,cust_057,acct_1057,77.76,USD,payment,Home Goods Co,IN,mobile
c_cust_030_shop_1_3,2026-03-25 12:00,cust_030,acct_1030,15.97,USD,payment,Corner Pharmacy,IT,online
c_cust_013_shop_1_1,2026-03-25 14:00,cust_013,acct_1013,113.07,USD,payment,Home Goods Co,IN,mobile
c_cust_015_shop_1_0,2026-03-25 15:00,cust_015,acct_1015,179.02,USD,payment,Corner Pharmacy,AU,mobile
c_cust_035_shop_1_1,2026-03-25 16:00,cust_035,acct_1035,76.99,USD,payment,Grocery Mart,DE,mobile
c_cust_028_shop_1_2,2026-03-25 17:00,cust_028,acct_1028,138.17,USD,payment,Grocery Mart,AE,online
c_cust_062_shop_1_1,2026-03-25 17:00,cust_062,acct_1062,120.74,USD,payment,Grocery Mart,GB,mobile
c_cust_014_shop_1_0,2026-03-25 18:00,cust_014,acct_1014,172.82,USD,payment,Corner Pharmacy,NG,mobile
c_cust_053_cash_1,2026-03-26 11:00,cust_053,acct_1053,398.49,USD,cash_withdrawal,Self,KE,branch
c_cust_059_cash_1,2026-03-26 13:00,cust_059,acct_1059,108.7,USD,cash_withdrawal,Self,AE,branch
c_cust_016_shop_1_0,2026-03-26 16:00,cust_016,acct_1016,39.66,USD,payment,Home Goods Co,GB,online
c_cust_047_shop_1_0,2026-03-26 19:00,cust_047,acct_1047,24.72,USD,payment,Home Goods Co,AU,online
c_cust_024_shop_1_1,2026-03-27 10:00,cust_024,acct_1024,165.82,USD,payment,Grocery Mart,GB,mobile
c_cust_067_shop_1_1,2026-03-27 10:00,cust_067,acct_1067,27.46,USD,payment,Home Goods Co,GB,mobile
c_cust_056_shop_1_2,2026-03-27 13:00,cust_056,acct_1056,141.44,USD,payment,Online Marketplace,FR,mobile
c_cust_049_shop_1_0,2026-03-27 16:00,cust_049,acct_1049,55.32,USD,payment,Superstore Retail,FR,online
c_cust_023_shop_1_0,2026-03-27 17:00,cust_023,acct_1023,122.19,USD,payment,Corner Pharmacy,SG,mobile
c_cust_019_shop_1_0,2026-03-27 21:00,cust_019,acct_1019,124.68,USD,payment,Grocery Mart,IN,online
c_cust_027_shop_1_2,2026-03-28 09:00,cust_027,acct_1027,20.67,USD,payment,Home Goods Co,KE,mobile
c_cust_045_shop_1_0,2026-03-28 09:00,cust_045,acct_1045,178.46,USD,payment,Superstore Retail,NL,online
c_cust_036_shop_1_0,2026-03-28 11:00,cust_036,acct_1036,97.21,USD,payment,Online Marketplace,MX,online
c_cust_023_shop_1_1,2026-03-28 12:00,cust_023,acct_1023,59.13,USD,payment,Corner Pharmacy,SG,mobile
c_cust_050_cash_1,2026-03-28 12:00,cust_050,acct_1050,225.81,USD,cash_withdrawal,Self,IT,branch
c_cust_037_cash_1,2026-03-28 13:00,cust_037,acct_1037,110.34,USD,cash_withdrawal,Self,AU,branch
c_cust_047_shop_1_1,2026-03-28 16:00,cust_047,acct_1047,105.31,USD,payment,Home Goods Co,AU,online
c_cust_042_shop_1_3,2026-03-28 20:00,cust_042,acct_1042,36.74,USD,payment,Corner Pharmacy,IN,mobile
c_cust_020_shop_1_3,2026-03-28 21:00,cust_020,acct_1020,42.24,USD,payment,Superstore Retail,PH,online
c_cust_050_shop_1_2,2026-03-28 21:00,cust_050,acct_1050,52.83,USD,payment,Online Marketplace,IT,mobile
c_cust_055_shop_1_1,2026-03-29 09:00,cust_055,acct_1055,155.78,USD,payment,Corner Pharmacy,MX,mobile
c_cust_045_shop_1_1,2026-03-29 13:00,cust_045,acct_1045,56.78,USD,payment,Online Marketplace,NL,mobile
c_cust_039_cash_1,2026-03-29 17:00,cust_039,acct_1039,97.59,USD,cash_withdrawal,Self,NG,branch
c_cust_038_shop_1_2,2026-03-29 19:00,cust_038,acct_1038,34.64,USD,payment,Corner Pharmacy,KE,mobile
c_cust_049_shop_1_3,2026-03-29 19:00,cust_049,acct_1049,145.38,USD,payment,Online Marketplace,FR,online
c_cust_026_shop_1_1,2026-03-29 20:00,cust_026,acct_1026,176.46,USD,payment,Superstore Retail,DE,online
c_cust_033_shop_1_2,2026-03-29 20:00,cust_033,acct_1033,93.8,USD,payment,Grocery Mart,US,mobile
g_cust_010_c4,2026-03-30 09:00,cust_010,acct_1010,2854.0,USD,cash_deposit,Self,NG,branch
c_cust_025_shop_1_2,2026-03-30 10:00,cust_025,acct_1025,76.33,USD,payment,Corner Pharmacy,GB,online
c_cust_042_shop_1_0,2026-03-30 15:00,cust_042,acct_1042,33.16,USD,payment,Corner Pharmacy,IN,online
c_cust_013_sal_2,2026-04-02 07:00,cust_013,acct_1013,2527.02,USD,salary,"Lopez, Davis and Joseph Payroll",IN,online
c_cust_040_sal_2,2026-04-02 07:00,cust_040,acct_1040,9287.77,USD,salary,"Gonzalez, Spence and Mayer Payroll",NG,online
c_cust_056_sal_2,2026-04-02 07:00,cust_056,acct_1056,2357.92,USD,salary,Lang Ltd Payroll,FR,online
c_cust_064_sal_2,2026-04-02 07:00,cust_064,acct_1064,2346.6,USD,salary,"Hughes, Strong and Oliver Payroll",NL,online
c_cust_025_sal_2,2026-04-02 08:00,cust_025,acct_1025,5278.8,USD,salary,"Fisher, Hardin and Shaw Payroll",GB,online
c_cust_031_sal_2,2026-04-02 08:00,cust_031,acct_1031,3091.4,USD,salary,Baker Inc Payroll,SE,online
c_cust_036_sal_2,2026-04-02 08:00,cust_036,acct_1036,8590.64,USD,salary,"Price, Nguyen and Rollins Payroll",MX,online
c_cust_037_sal_2,2026-04-02 08:00,cust_037,acct_1037,4261.4,USD,salary,"Yates, Dawson and Blanchard Payroll",AU,online
c_cust_062_sal_2,2026-04-02 08:00,cust_062,acct_1062,2279.6,USD,salary,"Stephenson, Gutierrez and Smith Payroll",GB,online
c_cust_065_sal_2,2026-04-02 08:00,cust_065,acct_1065,5123.22,USD,salary,Williams PLC Payroll,MX,online
c_cust_032_sal_2,2026-04-02 09:00,cust_032,acct_1032,4476.96,USD,salary,Schmidt-Harris Payroll,AE,online
c_cust_054_sal_2,2026-04-02 09:00,cust_054,acct_1054,8663.43,USD,salary,Johnson-Jenkins Payroll,AE,online
c_cust_066_sal_2,2026-04-02 09:00,cust_066,acct_1066,3061.84,USD,salary,Young-Gallagher Payroll,KE,online
g_cust_007_salary,2026-04-02 10:00,cust_007,acct_1007,18500,USD,salary,National Treasury,ZA,online
c_cust_014_sal_2,2026-04-02 10:00,cust_014,acct_1014,3720.25,USD,salary,Lynch-Jones Payroll,NG,online
c_cust_047_sal_2,2026-04-02 10:00,cust_047,acct_1047,4310.82,USD,salary,Allison-Salas Payroll,AU,online
c_cust_048_sal_2,2026-04-02 10:00,cust_048,acct_1048,10409.64,USD,salary,"Stanton, Rodriguez and Bryan Payroll",SE,online
c_cust_023_shop_2_0,2026-04-02 12:00,cust_023,acct_1023,172.04,USD,payment,Online Marketplace,SG,mobile
c_cust_019_cash_2,2026-04-02 15:00,cust_019,acct_1019,279.12,USD,cash_withdrawal,Self,IN,branch
c_cust_029_shop_2_1,2026-04-02 15:00,cust_029,acct_1029,132.27,USD,payment,Superstore Retail,CA,online
c_cust_050_shop_2_3,2026-04-02 15:00,cust_050,acct_1050,79.36,USD,payment,Corner Pharmacy,IT,online
c_cust_064_shop_2_0,2026-04-02 17:00,cust_064,acct_1064,153.15,USD,payment,Home Goods Co,NL,mobile
c_cust_018_shop_2_3,2026-04-02 19:00,cust_018,acct_1018,82.78,USD,payment,Corner Pharmacy,IN,online
c_cust_029_shop_2_0,2026-04-02 19:00,cust_029,acct_1029,133.51,USD,payment,Superstore Retail,CA,mobile
c_cust_028_shop_2_1,2026-04-02 21:00,cust_028,acct_1028,15.46,USD,payment,Home Goods Co,AE,online
c_cust_063_shop_2_1,2026-04-02 21:00,cust_063,acct_1063,173.65,USD,payment,Home Goods Co,AU,mobile
c_cust_061_sal_2,2026-04-03 07:00,cust_061,acct_1061,4289.51,USD,salary,Pope PLC Payroll,JP,online
c_cust_018_sal_2,2026-04-03 08:00,cust_018,acct_1018,10299.51,USD,salary,"Yates, Long and Ross Payroll",IN,online
c_cust_020_sal_2,2026-04-03 08:00,cust_020,acct_1020,4360.44,USD,salary,"Cox, Vaughn and Sloan Payroll",PH,online
c_cust_030_sal_2,2026-04-03 08:00,cust_030,acct_1030,6562.34,USD,salary,Atkinson-Lowe Payroll,IT,online
c_cust_038_sal_2,2026-04-03 08:00,cust_038,acct_1038,8935.65,USD,salary,"Davis, Fox and Reese Payroll",KE,online
c_cust_063_sal_2,2026-04-03 08:00,cust_063,acct_1063,6550.58,USD,salary,"Drake, Sanders and Berry Payroll",AU,online
c_cust_015_sal_2,2026-04-03 09:00,cust_015,acct_1015,9797.01,USD,salary,Duffy Group Payroll,AU,online
c_cust_021_sal_2,2026-04-03 09:00,cust_021,acct_1021,7467.64,USD,salary,"Pratt, Gonzalez and Vasquez Payroll",SG,online
c_cust_024_sal_2,2026-04-03 09:00,cust_024,acct_1024,5444.17,USD,salary,"Garcia, Brady and Taylor Payroll",GB,online
c_cust_028_sal_2,2026-04-03 09:00,cust_028,acct_1028,3088.41,USD,salary,"Diaz, King and Taylor Payroll",AE,online
c_cust_051_sal_2,2026-04-03 09:00,cust_051,acct_1051,4196.33,USD,salary,Cannon-Lee Payroll,SE,online
c_cust_016_sal_2,2026-04-03 10:00,cust_016,acct_1016,4709.52,USD,salary,Rodgers Group Payroll,GB,online
c_cust_029_sal_2,2026-04-03 10:00,cust_029,acct_1029,5630.5,USD,salary,Spencer-Alexander Payroll,CA,online
c_cust_042_sal_2,2026-04-03 10:00,cust_042,acct_1042,4453.47,USD,salary,Wilson-House Payroll,IN,online
c_cust_046_sal_2,2026-04-03 10:00,cust_046,acct_1046,4855.36,USD,salary,Reyes-Reese Payroll,PH,online
c_cust_050_sal_2,2026-04-03 10:00,cust_050,acct_1050,10710.08,USD,salary,"Holland, Miller and Perez Payroll",IT,online
c_cust_059_sal_2,2026-04-03 10:00,cust_059,acct_1059,4431.34,USD,salary,Ritter-Garcia Payroll,AE,online
c_cust_066_cash_2,2026-04-03 13:00,cust_066,acct_1066,83.76,USD,cash_withdrawal,Self,KE,branch
c_cust_067_shop_2_2,2026-04-03 13:00,cust_067,acct_1067,159.39,USD,payment,Online Marketplace,GB,online
c_cust_036_shop_2_0,2026-04-03 14:00,cust_036,acct_1036,77.7,USD,payment,Online Marketplace,MX,online
c_cust_037_shop_2_0,2026-04-03 16:00,cust_037,acct_1037,101.72,USD,payment,Online Marketplace,AU,online
c_cust_063_shop_2_0,2026-04-03 19:00,cust_063,acct_1063,64.34,USD,payment,Home Goods Co,AU,online
c_cust_023_sal_2,2026-04-04 07:00,cust_023,acct_1023,11010.79,USD,salary,Hardy and Sons Payroll,SG,online
c_cust_027_sal_2,2026-04-04 07:00,cust_027,acct_1027,3498.78,USD,salary,"Mills, Liu and Reilly Payroll",KE,online
c_cust_041_sal_2,2026-04-04 07:00,cust_041,acct_1041,3733.83,USD,salary,"Hicks, Eaton and Warner Payroll",US,online
c_cust_045_sal_2,2026-04-04 07:00,cust_045,acct_1045,4666.91,USD,salary,Clark Group Payroll,NL,online
c_cust_019_sal_2,2026-04-04 08:00,cust_019,acct_1019,9849.41,USD,salary,Jones and Sons Payroll,IN,online
c_cust_052_sal_2,2026-04-04 08:00,cust_052,acct_1052,5442.98,USD,salary,"Thomas, Williams and Brown Payroll",KE,online
c_cust_067_sal_2,2026-04-04 08:00,cust_067,acct_1067,10084.89,USD,salary,"Jacobson, Delgado and Mueller Payroll",GB,online
g_cust_010_c5,2026-04-04 09:00,cust_010,acct_1010,1448.0,USD,cash_deposit,Self,NG,branch
c_cust_015_rent_2,2026-04-04 09:00,cust_015,acct_1015,3139.13,USD,payment,Metro Landlord LLC,AU,online
c_cust_018_shop_2_1,2026-04-04 09:00,cust_018,acct_1018,131.37,USD,payment,Superstore Retail,IN,mobile
c_cust_022_sal_2,2026-04-04 09:00,cust_022,acct_1022,8726.9,USD,salary,"Galloway, Bishop and Smith Payroll",US,online
c_cust_026_sal_2,2026-04-04 09:00,cust_026,acct_1026,9224.62,USD,salary,"Brown, Lee and Williams Payroll",DE,online
c_cust_034_sal_2,2026-04-04 09:00,cust_034,acct_1034,5821.37,USD,salary,"Skinner, Harrell and Lambert Payroll",DE,online
c_cust_035_sal_2,2026-04-04 09:00,cust_035,acct_1035,5853.35,USD,salary,James-Wells Payroll,DE,online
c_cust_039_sal_2,2026-04-04 09:00,cust_039,acct_1039,6359.15,USD,salary,"Gonzalez, Greene and Rivera Payroll",NG,online
c_cust_043_sal_2,2026-04-04 09:00,cust_043,acct_1043,4779.0,USD,salary,Graham-Stewart Payroll,AE,online
c_cust_044_sal_2,2026-04-04 09:00,cust_044,acct_1044,3661.59,USD,salary,Barr PLC Payroll,CA,online
c_cust_053_sal_2,2026-04-04 09:00,cust_053,acct_1053,8907.81,USD,salary,Smith LLC Payroll,KE,online
c_cust_056_rent_2,2026-04-04 09:00,cust_056,acct_1056,875.78,USD,payment,Home Realty Trust,FR,online
c_cust_017_sal_2,2026-04-04 10:00,cust_017,acct_1017,7696.59,USD,salary,Hernandez Ltd Payroll,BR,online
c_cust_033_sal_2,2026-04-04 10:00,cust_033,acct_1033,5159.39,USD,salary,Waller-Parker Payroll,US,online
c_cust_049_sal_2,2026-04-04 10:00,cust_049,acct_1049,4466.77,USD,salary,"Harding, Lee and Green Payroll",FR,online
c_cust_055_sal_2,2026-04-04 10:00,cust_055,acct_1055,11926.08,USD,salary,Evans-Griffith Payroll,MX,online
c_cust_057_sal_2,2026-04-04 10:00,cust_057,acct_1057,5297.85,USD,salary,Stephenson-Huerta Payroll,IN,online
c_cust_058_sal_2,2026-04-04 10:00,cust_058,acct_1058,5572.87,USD,salary,Ramirez-Adams Payroll,KE,online
c_cust_060_sal_2,2026-04-04 10:00,cust_060,acct_1060,7316.57,USD,salary,"Bautista, Rodriguez and Carlson Payroll",PH,online
c_cust_067_shop_2_3,2026-04-04 10:00,cust_067,acct_1067,95.23,USD,payment,Online Marketplace,GB,online
c_cust_031_rent_2,2026-04-04 11:00,cust_031,acct_1031,983.09,USD,payment,Parkview Apartments,SE,online
c_cust_056_shop_2_3,2026-04-04 13:00,cust_056,acct_1056,84.07,USD,payment,Online Marketplace,FR,online
c_cust_038_rent_2,2026-04-04 14:00,cust_038,acct_1038,1923.93,USD,payment,Metro Landlord LLC,KE,online
c_cust_055_rent_2,2026-04-04 14:00,cust_055,acct_1055,3245.43,USD,payment,Parkview Apartments,MX,online
c_cust_046_shop_2_0,2026-04-04 15:00,cust_046,acct_1046,31.57,USD,payment,Corner Pharmacy,PH,mobile
c_cust_027_shop_2_0,2026-04-04 16:00,cust_027,acct_1027,112.39,USD,payment,Superstore Retail,KE,mobile
c_cust_032_rent_2,2026-04-04 16:00,cust_032,acct_1032,1130.66,USD,payment,Parkview Apartments,AE,online
c_cust_016_rent_2,2026-04-04 18:00,cust_016,acct_1016,1235.12,USD,payment,Metro Landlord LLC,GB,online
c_cust_042_rent_2,2026-04-04 18:00,cust_042,acct_1042,1054.39,USD,payment,City Rentals,IN,online
c_cust_065_rent_2,2026-04-04 19:00,cust_065,acct_1065,1320.77,USD,payment,Metro Landlord LLC,MX,online
c_cust_041_shop_2_1,2026-04-04 20:00,cust_041,acct_1041,157.93,USD,payment,Online Marketplace,US,online
c_cust_035_shop_2_0,2026-04-04 21:00,cust_035,acct_1035,88.51,USD,payment,Corner Pharmacy,DE,mobile
c_cust_017_rent_2,2026-04-05 09:00,cust_017,acct_1017,1846.51,USD,payment,Metro Landlord LLC,BR,online
c_cust_021_rent_2,2026-04-05 09:00,cust_021,acct_1021,2056.32,USD,payment,City Rentals,SG,online
c_cust_061_rent_2,2026-04-05 09:00,cust_061,acct_1061,980.0,USD,payment,Metro Landlord LLC,JP,online
c_cust_066_rent_2,2026-04-05 09:00,cust_066,acct_1066,995.42,USD,payment,City Rentals,KE,online
c_cust_066_shop_2_0,2026-04-05 10:00,cust_066,acct_1066,51.73,USD,payment,Grocery Mart,KE,online
c_cust_037_rent_2,2026-04-05 11:00,cust_037,acct_1037,1378.6,USD,payment,Metro Landlord LLC,AU,online
c_cust_039_rent_2,2026-04-05 11:00,cust_039,acct_1039,2366.13,USD,payment,Metro Landlord LLC,NG,online
c_cust_041_rent_2,2026-04-05 12:00,cust_041,acct_1041,1030.94,USD,payment,City Rentals,US,online
c_cust_052_rent_2,2026-04-05 12:00,cust_052,acct_1052,1848.58,USD,payment,City Rentals,KE,online
c_cust_060_rent_2,2026-04-05 12:00,cust_060,acct_1060,1753.73,USD,payment,Parkview Apartments,PH,online
c_cust_050_rent_2,2026-04-05 13:00,cust_050,acct_1050,2407.44,USD,payment,Home Realty Trust,IT,online
c_cust_050_shop_2_2,2026-04-05 13:00,cust_050,acct_1050,87.52,USD,payment,Corner Pharmacy,IT,mobile
c_cust_024_rent_2,2026-04-05 14:00,cust_024,acct_1024,1984.46,USD,payment,City Rentals,GB,online
c_cust_049_rent_2,2026-04-05 14:00,cust_049,acct_1049,1000.86,USD,payment,Parkview Apartments,FR,online
c_cust_053_shop_2_0,2026-04-05 15:00,cust_053,acct_1053,167.72,USD,payment,Corner Pharmacy,KE,online
c_cust_063_rent_2,2026-04-05 16:00,cust_063,acct_1063,1783.49,USD,payment,Parkview Apartments,AU,online
c_cust_027_shop_2_1,2026-04-05 17:00,cust_027,acct_1027,36.68,USD,payment,Online Marketplace,KE,mobile
c_cust_030_rent_2,2026-04-05 17:00,cust_030,acct_1030,2289.3,USD,payment,Metro Landlord LLC,IT,online
c_cust_013_rent_2,2026-04-05 20:00,cust_013,acct_1013,717.73,USD,payment,Parkview Apartments,IN,online
c_cust_030_shop_2_0,2026-04-05 20:00,cust_030,acct_1030,62.74,USD,payment,Online Marketplace,IT,mobile
c_cust_055_shop_2_1,2026-04-05 20:00,cust_055,acct_1055,113.86,USD,payment,Online Marketplace,MX,online
c_cust_044_shop_2_1,2026-04-05 21:00,cust_044,acct_1044,98.62,USD,payment,Home Goods Co,CA,mobile
c_cust_044_rent_2,2026-04-06 08:00,cust_044,acct_1044,910.33,USD,payment,Parkview Apartments,CA,online
c_cust_058_rent_2,2026-04-06 08:00,cust_058,acct_1058,1417.64,USD,payment,City Rentals,KE,online
c_cust_027_rent_2,2026-04-06 09:00,cust_027,acct_1027,1018.2,USD,payment,City Rentals,KE,online
c_cust_014_cash_2,2026-04-06 10:00,cust_014,acct_1014,111.39,USD,cash_withdrawal,Self,NG,branch
c_cust_023_rent_2,2026-04-06 10:00,cust_023,acct_1023,3368.45,USD,payment,Parkview Apartments,SG,online
c_cust_067_rent_2,2026-04-06 12:00,cust_067,acct_1067,2630.18,USD,payment,Parkview Apartments,GB,online
c_cust_057_rent_2,2026-04-06 13:00,cust_057,acct_1057,1785.44,USD,payment,Home Realty Trust,IN,online
c_cust_019_rent_2,2026-04-06 14:00,cust_019,acct_1019,3611.0,USD,payment,Parkview Apartments,IN,online
c_cust_022_cash_2,2026-04-06 14:00,cust_022,acct_1022,309.32,USD,cash_withdrawal,Self,US,branch
c_cust_048_rent_2,2026-04-06 14:00,cust_048,acct_1048,2748.62,USD,payment,Metro Landlord LLC,SE,online
c_cust_052_shop_2_0,2026-04-06 14:00,cust_052,acct_1052,51.5,USD,payment,Corner Pharmacy,KE,mobile
c_cust_059_shop_2_2,2026-04-06 14:00,cust_059,acct_1059,85.27,USD,payment,Corner Pharmacy,AE,online
c_cust_064_rent_2,2026-04-06 14:00,cust_064,acct_1064,735.19,USD,payment,Metro Landlord LLC,NL,online
c_cust_020_rent_2,2026-04-06 15:00,cust_020,acct_1020,1094.3,USD,payment,Metro Landlord LLC,PH,online
c_cust_034_shop_2_0,2026-04-06 15:00,cust_034,acct_1034,140.56,USD,payment,Corner Pharmacy,DE,online
c_cust_029_rent_2,2026-04-06 16:00,cust_029,acct_1029,1503.05,USD,payment,Metro Landlord LLC,CA,online
c_cust_033_rent_2,2026-04-06 16:00,cust_033,acct_1033,1482.7,USD,payment,Parkview Apartments,US,online
c_cust_059_rent_2,2026-04-06 16:00,cust_059,acct_1059,1000.66,USD,payment,Metro Landlord LLC,AE,online
c_cust_015_shop_2_1,2026-04-06 17:00,cust_015,acct_1015,166.66,USD,payment,Home Goods Co,AU,mobile
c_cust_033_shop_2_0,2026-04-06 19:00,cust_033,acct_1033,52.65,USD,payment,Grocery Mart,US,online
c_cust_034_rent_2,2026-04-06 19:00,cust_034,acct_1034,1484.45,USD,payment,City Rentals,DE,online
c_cust_059_shop_2_0,2026-04-06 19:00,cust_059,acct_1059,121.97,USD,payment,Online Marketplace,AE,online
c_cust_014_rent_2,2026-04-06 20:00,cust_014,acct_1014,1156.42,USD,payment,City Rentals,NG,online
c_cust_036_shop_2_2,2026-04-06 20:00,cust_036,acct_1036,45.35,USD,payment,Online Marketplace,MX,mobile
c_cust_018_rent_2,2026-04-07 08:00,cust_018,acct_1018,2224.88,USD,payment,Parkview Apartments,IN,online
c_cust_026_rent_2,2026-04-07 08:00,cust_026,acct_1026,2225.28,USD,payment,Home Realty Trust,DE,online
c_cust_054_rent_2,2026-04-07 08:00,cust_054,acct_1054,3290.18,USD,payment,City Rentals,AE,online
c_cust_023_util_2_0,2026-04-07 09:00,cust_023,acct_1023,220.42,USD,payment,Metro Water Authority,SG,online
c_cust_040_rent_2,2026-04-07 09:00,cust_040,acct_1040,3179.92,USD,payment,Metro Landlord LLC,NG,online
c_cust_062_rent_2,2026-04-07 09:00,cust_062,acct_1062,738.64,USD,payment,Parkview Apartments,GB,online
c_cust_047_rent_2,2026-04-07 10:00,cust_047,acct_1047,1005.03,USD,payment,City Rentals,AU,online
c_cust_051_rent_2,2026-04-07 10:00,cust_051,acct_1051,1039.63,USD,payment,Parkview Apartments,SE,online
c_cust_054_shop_2_2,2026-04-07 10:00,cust_054,acct_1054,40.69,USD,payment,Home Goods Co,AE,online
c_cust_063_util_2_0,2026-04-07 11:00,cust_063,acct_1063,249.83,USD,payment,Gas & Power Ltd,AU,branch
c_cust_022_shop_2_2,2026-04-07 12:00,cust_022,acct_1022,69.13,USD,payment,Superstore Retail,US,mobile
c_cust_036_rent_2,2026-04-07 12:00,cust_036,acct_1036,2035.12,USD,payment,Metro Landlord LLC,MX,online
c_cust_045_rent_2,2026-04-07 13:00,cust_045,acct_1045,1651.39,USD,payment,Home Realty Trust,NL,online
c_cust_048_util_2_0,2026-04-07 13:00,cust_048,acct_1048,77.05,USD,payment,City Utilities,SE,mobile
c_cust_024_util_2_0,2026-04-07 14:00,cust_024,acct_1024,160.26,USD,payment,Mobile Telecom,GB,online
c_cust_040_util_2_0,2026-04-07 14:00,cust_040,acct_1040,160.2,USD,payment,Gas & Power Ltd,NG,online
c_cust_051_util_2_0,2026-04-07 14:00,cust_051,acct_1051,80.53,USD,payment,Metro Water Authority,SE,branch
c_cust_025_shop_2_0,2026-04-07 15:00,cust_025,acct_1025,28.8,USD,payment,Grocery Mart,GB,online
c_cust_046_rent_2,2026-04-07 15:00,cust_046,acct_1046,1684.75,USD,payment,Parkview Apartments,PH,online
c_cust_032_util_2_1,2026-04-07 16:00,cust_032,acct_1032,237.61,USD,payment,City Utilities,AE,online
c_cust_052_shop_2_2,2026-04-07 16:00,cust_052,acct_1052,111.75,USD,payment,Superstore Retail,KE,mobile
c_cust_025_rent_2,2026-04-07 17:00,cust_025,acct_1025,2091.94,USD,payment,Metro Landlord LLC,GB,online
c_cust_035_rent_2,2026-04-07 17:00,cust_035,acct_1035,1555.98,USD,payment,Metro Landlord LLC,DE,online
c_cust_028_rent_2,2026-04-07 18:00,cust_028,acct_1028,1113.87,USD,payment,Metro Landlord LLC,AE,online
c_cust_053_rent_2,2026-04-07 18:00,cust_053,acct_1053,2910.34,USD,payment,Home Realty Trust,KE,online
c_cust_060_shop_2_0,2026-04-07 18:00,cust_060,acct_1060,57.58,USD,payment,Home Goods Co,PH,online
c_cust_022_rent_2,2026-04-07 19:00,cust_022,acct_1022,1903.29,USD,payment,Parkview Apartments,US,online
c_cust_039_util_2_1,2026-04-07 20:00,cust_039,acct_1039,146.07,USD,payment,National Broadband Co,NG,mobile
c_cust_043_rent_2,2026-04-07 20:00,cust_043,acct_1043,1353.66,USD,payment,Parkview Apartments,AE,online
c_cust_064_util_2_0,2026-04-07 21:00,cust_064,acct_1064,89.8,USD,payment,Regional Electric Board,NL,mobile
c_cust_030_shop_2_1,2026-04-08 09:00,cust_030,acct_1030,24.95,USD,payment,Online Marketplace,IT,mobile
c_cust_045_util_2_1,2026-04-08 09:00,cust_045,acct_1045,105.24,USD,payment,City Utilities,NL,online
c_cust_024_shop_2_3,2026-04-08 11:00,cust_024,acct_1024,118.44,USD,payment,Corner Pharmacy,GB,online
c_cust_049_util_2_0,2026-04-08 11:00,cust_049,acct_1049,237.6,USD,payment,City Utilities,FR,branch
c_cust_015_util_2_0,2026-04-08 12:00,cust_015,acct_1015,92.54,USD,payment,Regional Electric Board,AU,mobile
c_cust_018_util_2_1,2026-04-08 12:00,cust_018,acct_1018,48.58,USD,payment,National Broadband Co,IN,online
c_cust_022_shop_2_0,2026-04-08 13:00,cust_022,acct_1022,64.75,USD,payment,Home Goods Co,US,online
c_cust_055_util_2_1,2026-04-08 15:00,cust_055,acct_1055,52.53,USD,payment,Gas & Power Ltd,MX,online
c_cust_045_shop_2_1,2026-04-08 16:00,cust_045,acct_1045,120.61,USD,payment,Online Marketplace,NL,mobile
c_cust_053_util_2_0,2026-04-08 16:00,cust_053,acct_1053,136.71,USD,payment,National Broadband Co,KE,mobile
c_cust_065_shop_2_2,2026-04-08 16:00,cust_065,acct_1065,146.31,USD,payment,Grocery Mart,MX,mobile
c_cust_064_cash_2,2026-04-08 17:00,cust_064,acct_1064,363.1,USD,cash_withdrawal,Self,NL,branch
c_cust_048_shop_2_1,2026-04-08 18:00,cust_048,acct_1048,46.42,USD,payment,Online Marketplace,SE,online
c_cust_059_util_2_0,2026-04-08 19:00,cust_059,acct_1059,78.34,USD,payment,City Utilities,AE,online
c_cust_040_shop_2_1,2026-04-08 21:00,cust_040,acct_1040,15.16,USD,payment,Corner Pharmacy,NG,online
c_cust_028_util_2_1,2026-04-09 08:00,cust_028,acct_1028,174.92,USD,payment,Mobile Telecom,AE,online
c_cust_056_util_2_0,2026-04-09 11:00,cust_056,acct_1056,134.36,USD,payment,City Utilities,FR,mobile
c_cust_022_util_2_0,2026-04-09 13:00,cust_022,acct_1022,136.26,USD,payment,Gas & Power Ltd,US,online
c_cust_049_shop_2_1,2026-04-09 13:00,cust_049,acct_1049,124.14,USD,payment,Online Marketplace,FR,online
c_cust_064_util_2_1,2026-04-09 14:00,cust_064,acct_1064,90.54,USD,payment,Metro Water Authority,NL,mobile
c_cust_065_shop_2_1,2026-04-09 16:00,cust_065,acct_1065,59.7,USD,payment,Corner Pharmacy,MX,online
c_cust_056_shop_2_1,2026-04-09 18:00,cust_056,acct_1056,145.13,USD,payment,Online Marketplace,FR,mobile
c_cust_050_util_2_1,2026-04-09 19:00,cust_050,acct_1050,66.29,USD,payment,Metro Water Authority,IT,online
c_cust_016_shop_2_1,2026-04-09 20:00,cust_016,acct_1016,139.81,USD,payment,Superstore Retail,GB,mobile
c_cust_058_util_2_1,2026-04-09 20:00,cust_058,acct_1058,175.21,USD,payment,Mobile Telecom,KE,branch
c_cust_027_util_2_0,2026-04-10 08:00,cust_027,acct_1027,96.13,USD,payment,Metro Water Authority,KE,mobile
c_cust_061_util_2_1,2026-04-10 08:00,cust_061,acct_1061,81.84,USD,payment,Gas & Power Ltd,JP,online
c_cust_052_shop_2_1,2026-04-10 11:00,cust_052,acct_1052,31.46,USD,payment,Home Goods Co,KE,online
c_cust_013_util_2_0,2026-04-10 14:00,cust_013,acct_1013,119.92,USD,payment,National Broadband Co,IN,online
c_cust_059_cash_2,2026-04-10 15:00,cust_059,acct_1059,161.15,USD,cash_withdrawal,Self,AE,branch
c_cust_031_util_2_0,2026-04-10 16:00,cust_031,acct_1031,184.15,USD,payment,Gas & Power Ltd,SE,mobile
c_cust_066_util_2_0,2026-04-10 16:00,cust_066,acct_1066,255.73,USD,payment,City Utilities,KE,online
c_cust_043_util_2_0,2026-04-10 18:00,cust_043,acct_1043,79.44,USD,payment,Metro Water Authority,AE,online
c_cust_049_util_2_1,2026-04-10 18:00,cust_049,acct_1049,121.63,USD,payment,Regional Electric Board,FR,mobile
c_cust_045_util_2_0,2026-04-10 19:00,cust_045,acct_1045,108.3,USD,payment,Regional Electric Board,NL,online
c_cust_017_shop_2_1,2026-04-10 21:00,cust_017,acct_1017,108.99,USD,payment,Grocery Mart,BR,mobile
c_cust_051_shop_2_2,2026-04-10 21:00,cust_051,acct_1051,121.35,USD,payment,Superstore Retail,SE,online
c_cust_052_util_2_1,2026-04-10 21:00,cust_052,acct_1052,53.17,USD,payment,National Broadband Co,KE,online
c_cust_016_util_2_0,2026-04-11 08:00,cust_016,acct_1016,135.1,USD,payment,City Utilities,GB,branch
c_cust_033_util_2_0,2026-04-11 08:00,cust_033,acct_1033,158.37,USD,payment,City Utilities,US,branch
c_cust_044_util_2_0,2026-04-11 08:00,cust_044,acct_1044,104.76,USD,payment,Regional Electric Board,CA,online
c_cust_057_util_2_0,2026-04-11 10:00,cust_057,acct_1057,137.58,USD,payment,Regional Electric Board,IN,mobile
c_cust_021_util_2_0,2026-04-11 11:00,cust_021,acct_1021,223.6,USD,payment,Regional Electric Board,SG,online
c_cust_065_util_2_0,2026-04-11 13:00,cust_065,acct_1065,125.79,USD,payment,National Broadband Co,MX,mobile
c_cust_025_util_2_0,2026-04-11 14:00,cust_025,acct_1025,52.33,USD,payment,National Broadband Co,GB,branch
c_cust_034_util_2_1,2026-04-11 14:00,cust_034,acct_1034,127.05,USD,payment,Mobile Telecom,DE,mobile
c_cust_050_util_2_0,2026-04-11 14:00,cust_050,acct_1050,65.74,USD,payment,Regional Electric Board,IT,branch
c_cust_028_shop_2_2,2026-04-11 15:00,cust_028,acct_1028,153.96,USD,payment,Home Goods Co,AE,online
c_cust_026_util_2_0,2026-04-11 17:00,cust_026,acct_1026,71.56,USD,payment,Regional Electric Board,DE,branch
c_cust_032_shop_2_2,2026-04-11 21:00,cust_032,acct_1032,71.35,USD,payment,Online Marketplace,AE,online
c_cust_058_util_2_0,2026-04-12 09:00,cust_058,acct_1058,141.64,USD,payment,Mobile Telecom,KE,branch
g_cust_007_wire,2026-04-12 10:00,cust_007,acct_1007,90000,USD,wire_out,Silver Crescent Trading,MM,online
c_cust_038_shop_2_1,2026-04-12 11:00,cust_038,acct_1038,152.53,USD,payment,Corner Pharmacy,KE,online
c_cust_021_shop_2_0,2026-04-12 12:00,cust_021,acct_1021,160.23,USD,payment,Online Marketplace,SG,online
c_cust_029_shop_2_2,2026-04-12 12:00,cust_029,acct_1029,124.35,USD,payment,Grocery Mart,CA,online
c_cust_018_util_2_0,2026-04-12 13:00,cust_018,acct_1018,131.76,USD,payment,City Utilities,IN,online
c_cust_054_shop_2_1,2026-04-12 13:00,cust_054,acct_1054,114.23,USD,payment,Superstore Retail,AE,online
c_cust_047_util_2_0,2026-04-12 14:00,cust_047,acct_1047,192.28,USD,payment,Regional Electric Board,AU,branch
c_cust_047_shop_2_1,2026-04-12 15:00,cust_047,acct_1047,46.49,USD,payment,Superstore Retail,AU,online
c_cust_053_shop_2_1,2026-04-12 16:00,cust_053,acct_1053,121.63,USD,payment,Corner Pharmacy,KE,mobile
c_cust_017_shop_2_0,2026-04-12 17:00,cust_017,acct_1017,30.03,USD,payment,Superstore Retail,BR,mobile
c_cust_056_cash_2,2026-04-12 17:00,cust_056,acct_1056,156.02,USD,cash_withdrawal,Self,FR,branch
c_cust_059_util_2_1,2026-04-12 18:00,cust_059,acct_1059,149.62,USD,payment,Mobile Telecom,AE,branch
c_cust_017_util_2_1,2026-04-13 10:00,cust_017,acct_1017,155.99,USD,payment,Regional Electric Board,BR,online
c_cust_045_shop_2_0,2026-04-13 10:00,cust_045,acct_1045,116.48,USD,payment,Corner Pharmacy,NL,online
c_cust_038_util_2_1,2026-04-13 16:00,cust_038,acct_1038,254.97,USD,payment,Gas & Power Ltd,KE,online
c_cust_041_util_2_0,2026-04-13 19:00,cust_041,acct_1041,57.22,USD,payment,Regional Electric Board,US,branch
c_cust_067_shop_2_1,2026-04-13 19:00,cust_067,acct_1067,77.52,USD,payment,Online Marketplace,GB,mobile
c_cust_014_util_2_0,2026-04-13 20:00,cust_014,acct_1014,193.64,USD,payment,Regional Electric Board,NG,mobile
c_cust_046_shop_2_1,2026-04-13 20:00,cust_046,acct_1046,128.97,USD,payment,Corner Pharmacy,PH,online
c_cust_057_shop_2_0,2026-04-13 21:00,cust_057,acct_1057,148.13,USD,payment,Home Goods Co,IN,mobile
c_cust_020_shop_2_0,2026-04-14 11:00,cust_020,acct_1020,120.03,USD,payment,Online Marketplace,PH,mobile
c_cust_020_shop_2_1,2026-04-14 11:00,cust_020,acct_1020,145.7,USD,payment,Online Marketplace,PH,online
c_cust_040_shop_2_2,2026-04-14 12:00,cust_040,acct_1040,170.29,USD,payment,Superstore Retail,NG,online
c_cust_057_shop_2_3,2026-04-14 12:00,cust_057,acct_1057,117.21,USD,payment,Online Marketplace,IN,online
c_cust_052_util_2_0,2026-04-14 14:00,cust_052,acct_1052,221.92,USD,payment,Gas & Power Ltd,KE,mobile
c_cust_039_shop_2_1,2026-04-14 15:00,cust_039,acct_1039,99.49,USD,payment,Home Goods Co,NG,mobile
c_cust_024_util_2_1,2026-04-14 17:00,cust_024,acct_1024,150.1,USD,payment,City Utilities,GB,mobile
c_cust_041_util_2_1,2026-04-14 17:00,cust_041,acct_1041,187.98,USD,payment,Gas & Power Ltd,US,branch
c_cust_061_shop_2_0,2026-04-14 17:00,cust_061,acct_1061,160.22,USD,payment,Superstore Retail,JP,online
c_cust_067_util_2_0,2026-04-14 17:00,cust_067,acct_1067,93.38,USD,payment,National Broadband Co,GB,mobile
c_cust_042_util_2_1,2026-04-14 18:00,cust_042,acct_1042,169.13,USD,payment,Gas & Power Ltd,IN,mobile
c_cust_048_util_2_1,2026-04-14 18:00,cust_048,acct_1048,114.98,USD,payment,Gas & Power Ltd,SE,branch
c_cust_021_shop_2_1,2026-04-14 19:00,cust_021,acct_1021,167.08,USD,payment,Home Goods Co,SG,mobile
c_cust_023_shop_2_3,2026-04-14 21:00,cust_023,acct_1023,103.2,USD,payment,Home Goods Co,SG,online
c_cust_042_shop_2_0,2026-04-14 21:00,cust_042,acct_1042,161.35,USD,payment,Online Marketplace,IN,online
c_cust_019_shop_2_3,2026-04-15 09:00,cust_019,acct_1019,66.54,USD,payment,Home Goods Co,IN,mobile
c_cust_029_util_2_1,2026-04-15 09:00,cust_029,acct_1029,154.8,USD,payment,Metro Water Authority,CA,branch
c_cust_046_util_2_1,2026-04-15 10:00,cust_046,acct_1046,83.57,USD,payment,Metro Water Authority,PH,branch
c_cust_017_util_2_0,2026-04-15 11:00,cust_017,acct_1017,134.19,USD,payment,Metro Water Authority,BR,mobile
c_cust_020_util_2_1,2026-04-15 11:00,cust_020,acct_1020,103.39,USD,payment,City Utilities,PH,online
c_cust_028_util_2_0,2026-04-15 11:00,cust_028,acct_1028,146.12,USD,payment,Regional Electric Board,AE,mobile
c_cust_046_util_2_0,2026-04-15 11:00,cust_046,acct_1046,138.52,USD,payment,Mobile Telecom,PH,online
c_cust_034_util_2_0,2026-04-15 12:00,cust_034,acct_1034,156.23,USD,payment,Gas & Power Ltd,DE,mobile
c_cust_059_shop_2_3,2026-04-15 12:00,cust_059,acct_1059,107.56,USD,payment,Online Marketplace,AE,mobile
c_cust_020_util_2_0,2026-04-15 15:00,cust_020,acct_1020,77.91,USD,payment,Metro Water Authority,PH,branch
c_cust_050_shop_2_1,2026-04-15 15:00,cust_050,acct_1050,46.73,USD,payment,Online Marketplace,IT,online
c_cust_016_util_2_1,2026-04-15 16:00,cust_016,acct_1016,51.15,USD,payment,Mobile Telecom,GB,online
c_cust_049_cash_2,2026-04-15 16:00,cust_049,acct_1049,83.5,USD,cash_withdrawal,Self,FR,branch
c_cust_036_util_2_0,2026-04-15 19:00,cust_036,acct_1036,65.42,USD,payment,Metro Water Authority,MX,mobile
c_cust_062_util_2_0,2026-04-15 19:00,cust_062,acct_1062,88.6,USD,payment,City Utilities,GB,online
c_cust_014_shop_2_0,2026-04-15 21:00,cust_014,acct_1014,119.91,USD,payment,Grocery Mart,NG,mobile
c_cust_023_util_2_1,2026-04-15 21:00,cust_023,acct_1023,109.38,USD,payment,Mobile Telecom,SG,online
c_cust_036_util_2_1,2026-04-15 21:00,cust_036,acct_1036,79.35,USD,payment,Gas & Power Ltd,MX,online
c_cust_055_util_2_0,2026-04-16 09:00,cust_055,acct_1055,144.93,USD,payment,Mobile Telecom,MX,mobile
c_cust_025_util_2_1,2026-04-16 10:00,cust_025,acct_1025,88.42,USD,payment,City Utilities,GB,mobile
c_cust_040_cash_2,2026-04-16 10:00,cust_040,acct_1040,222.81,USD,cash_withdrawal,Self,NG,branch
c_cust_056_shop_2_0,2026-04-16 10:00,cust_056,acct_1056,20.13,USD,payment,Online Marketplace,FR,online
c_cust_018_cash_2,2026-04-16 11:00,cust_018,acct_1018,333.13,USD,cash_withdrawal,Self,IN,branch
c_cust_042_cash_2,2026-04-16 11:00,cust_042,acct_1042,212.79,USD,cash_withdrawal,Self,IN,branch
c_cust_066_util_2_1,2026-04-16 11:00,cust_066,acct_1066,171.17,USD,payment,Mobile Telecom,KE,branch
c_cust_019_util_2_0,2026-04-16 12:00,cust_019,acct_1019,47.92,USD,payment,City Utilities,IN,mobile
c_cust_035_util_2_0,2026-04-16 13:00,cust_035,acct_1035,44.57,USD,payment,Regional Electric Board,DE,mobile
c_cust_013_shop_2_0,2026-04-16 15:00,cust_013,acct_1013,105.66,USD,payment,Superstore Retail,IN,mobile
c_cust_014_shop_2_1,2026-04-16 15:00,cust_014,acct_1014,137.65,USD,payment,Grocery Mart,NG,online
c_cust_029_util_2_0,2026-04-16 16:00,cust_029,acct_1029,78.88,USD,payment,City Utilities,CA,branch
c_cust_039_util_2_0,2026-04-16 16:00,cust_039,acct_1039,194.01,USD,payment,Regional Electric Board,NG,online
c_cust_032_util_2_0,2026-04-16 17:00,cust_032,acct_1032,151.47,USD,payment,Regional Electric Board,AE,branch
c_cust_046_shop_2_2,2026-04-16 18:00,cust_046,acct_1046,105.41,USD,payment,Grocery Mart,PH,mobile
c_cust_060_util_2_1,2026-04-16 18:00,cust_060,acct_1060,181.39,USD,payment,Mobile Telecom,PH,online
c_cust_019_shop_2_0,2026-04-17 10:00,cust_019,acct_1019,82.35,USD,payment,Corner Pharmacy,IN,online
c_cust_027_util_2_1,2026-04-17 10:00,cust_027,acct_1027,57.69,USD,payment,Mobile Telecom,KE,branch
c_cust_058_shop_2_1,2026-04-17 10:00,cust_058,acct_1058,168.81,USD,payment,Online Marketplace,KE,mobile
c_cust_037_util_2_0,2026-04-17 13:00,cust_037,acct_1037,192.98,USD,payment,City Utilities,AU,online
c_cust_016_shop_2_2,2026-04-17 15:00,cust_016,acct_1016,27.66,USD,payment,Online Marketplace,GB,online
c_cust_021_shop_2_2,2026-04-17 17:00,cust_021,acct_1021,130.11,USD,payment,Grocery Mart,SG,mobile
c_cust_061_util_2_0,2026-04-17 17:00,cust_061,acct_1061,215.54,USD,payment,Gas & Power Ltd,JP,online
c_cust_030_util_2_1,2026-04-17 18:00,cust_030,acct_1030,65.6,USD,payment,National Broadband Co,IT,mobile
c_cust_059_shop_2_1,2026-04-17 18:00,cust_059,acct_1059,139.88,USD,payment,Home Goods Co,AE,online
c_cust_035_shop_2_1,2026-04-17 19:00,cust_035,acct_1035,139.91,USD,payment,Grocery Mart,DE,online
c_cust_042_util_2_0,2026-04-17 19:00,cust_042,acct_1042,37.41,USD,payment,Gas & Power Ltd,IN,online
c_cust_048_shop_2_0,2026-04-17 19:00,cust_048,acct_1048,47.64,USD,payment,Superstore Retail,SE,mobile
c_cust_054_util_2_0,2026-04-17 19:00,cust_054,acct_1054,47.5,USD,payment,Mobile Telecom,AE,online
c_cust_038_util_2_0,2026-04-17 20:00,cust_038,acct_1038,85.6,USD,payment,Mobile Telecom,KE,online
c_cust_060_util_2_0,2026-04-17 20:00,cust_060,acct_1060,190.29,USD,payment,City Utilities,PH,branch
c_cust_030_util_2_0,2026-04-17 21:00,cust_030,acct_1030,57.13,USD,payment,National Broadband Co,IT,online
c_cust_043_shop_2_0,2026-04-18 11:00,cust_043,acct_1043,160.95,USD,payment,Home Goods Co,AE,mobile
c_cust_065_shop_2_0,2026-04-18 14:00,cust_065,acct_1065,48.32,USD,payment,Home Goods Co,MX,online
c_cust_038_shop_2_3,2026-04-18 21:00,cust_038,acct_1038,159.77,USD,payment,Superstore Retail,KE,mobile
c_cust_053_shop_2_2,2026-04-18 21:00,cust_053,acct_1053,106.77,USD,payment,Grocery Mart,KE,online
c_cust_051_shop_2_1,2026-04-19 11:00,cust_051,acct_1051,26.13,USD,payment,Superstore Retail,SE,online
c_cust_067_shop_2_0,2026-04-19 12:00,cust_067,acct_1067,41.45,USD,payment,Online Marketplace,GB,mobile
c_cust_025_shop_2_1,2026-04-19 14:00,cust_025,acct_1025,158.66,USD,payment,Corner Pharmacy,GB,mobile
c_cust_056_shop_2_2,2026-04-19 14:00,cust_056,acct_1056,130.4,USD,payment,Superstore Retail,FR,mobile
c_cust_060_cash_2,2026-04-19 15:00,cust_060,acct_1060,214.49,USD,cash_withdrawal,Self,PH,branch
c_cust_018_shop_2_2,2026-04-19 16:00,cust_018,acct_1018,46.85,USD,payment,Online Marketplace,IN,mobile
c_cust_031_shop_2_0,2026-04-19 16:00,cust_031,acct_1031,52.38,USD,payment,Home Goods Co,SE,online
c_cust_032_cash_2,2026-04-19 16:00,cust_032,acct_1032,173.71,USD,cash_withdrawal,Self,AE,branch
c_cust_040_shop_2_3,2026-04-19 19:00,cust_040,acct_1040,110.38,USD,payment,Corner Pharmacy,NG,mobile
c_cust_049_shop_2_0,2026-04-19 19:00,cust_049,acct_1049,62.47,USD,payment,Online Marketplace,FR,mobile
c_cust_033_shop_2_2,2026-04-19 21:00,cust_033,acct_1033,45.0,USD,payment,Home Goods Co,US,mobile
c_cust_021_cash_2,2026-04-20 11:00,cust_021,acct_1021,252.17,USD,cash_withdrawal,Self,SG,branch
c_cust_027_shop_2_2,2026-04-20 13:00,cust_027,acct_1027,60.23,USD,payment,Grocery Mart,KE,mobile
c_cust_028_shop_2_0,2026-04-20 19:00,cust_028,acct_1028,120.02,USD,payment,Grocery Mart,AE,mobile
c_cust_047_shop_2_2,2026-04-20 20:00,cust_047,acct_1047,68.84,USD,payment,Home Goods Co,AU,mobile
c_cust_023_shop_2_1,2026-04-21 10:00,cust_023,acct_1023,110.45,USD,payment,Superstore Retail,SG,online
c_cust_033_shop_2_1,2026-04-21 11:00,cust_033,acct_1033,35.17,USD,payment,Home Goods Co,US,online
c_cust_026_cash_2,2026-04-21 13:00,cust_026,acct_1026,258.2,USD,cash_withdrawal,Self,DE,branch
c_cust_055_shop_2_2,2026-04-21 15:00,cust_055,acct_1055,124.73,USD,payment,Online Marketplace,MX,online
c_cust_024_shop_2_1,2026-04-21 18:00,cust_024,acct_1024,178.87,USD,payment,Superstore Retail,GB,mobile
c_cust_016_shop_2_3,2026-04-21 19:00,cust_016,acct_1016,121.06,USD,payment,Grocery Mart,GB,online
c_cust_026_shop_2_1,2026-04-21 20:00,cust_026,acct_1026,96.75,USD,payment,Online Marketplace,DE,online
c_cust_034_shop_2_1,2026-04-22 09:00,cust_034,acct_1034,54.45,USD,payment,Home Goods Co,DE,mobile
c_cust_041_shop_2_2,2026-04-22 10:00,cust_041,acct_1041,113.65,USD,payment,Corner Pharmacy,US,mobile
c_cust_043_shop_2_1,2026-04-22 10:00,cust_043,acct_1043,92.48,USD,payment,Corner Pharmacy,AE,mobile
c_cust_044_shop_2_0,2026-04-22 12:00,cust_044,acct_1044,91.19,USD,payment,Superstore Retail,CA,mobile
c_cust_039_shop_2_0,2026-04-22 13:00,cust_039,acct_1039,134.55,USD,payment,Home Goods Co,NG,online
c_cust_016_cash_2,2026-04-22 14:00,cust_016,acct_1016,271.19,USD,cash_withdrawal,Self,GB,branch
c_cust_038_shop_2_0,2026-04-22 15:00,cust_038,acct_1038,96.34,USD,payment,Online Marketplace,KE,mobile
c_cust_046_cash_2,2026-04-22 16:00,cust_046,acct_1046,383.7,USD,cash_withdrawal,Self,PH,branch
c_cust_019_shop_2_1,2026-04-22 17:00,cust_019,acct_1019,30.04,USD,payment,Superstore Retail,IN,mobile
c_cust_036_shop_2_1,2026-04-22 17:00,cust_036,acct_1036,129.54,USD,payment,Superstore Retail,MX,mobile
c_cust_052_shop_2_3,2026-04-22 17:00,cust_052,acct_1052,95.21,USD,payment,Grocery Mart,KE,online
c_cust_032_shop_2_0,2026-04-22 18:00,cust_032,acct_1032,119.71,USD,payment,Online Marketplace,AE,mobile
c_cust_051_shop_2_0,2026-04-23 09:00,cust_051,acct_1051,97.01,USD,payment,Corner Pharmacy,SE,online
c_cust_064_shop_2_1,2026-04-23 09:00,cust_064,acct_1064,122.31,USD,payment,Grocery Mart,NL,mobile
c_cust_024_cash_2,2026-04-23 11:00,cust_024,acct_1024,395.46,USD,cash_withdrawal,Self,GB,branch
c_cust_057_shop_2_2,2026-04-23 13:00,cust_057,acct_1057,102.86,USD,payment,Grocery Mart,IN,mobile
c_cust_026_shop_2_0,2026-04-24 11:00,cust_026,acct_1026,47.46,USD,payment,Grocery Mart,DE,online
c_cust_019_shop_2_2,2026-04-24 13:00,cust_019,acct_1019,82.62,USD,payment,Online Marketplace,IN,mobile
c_cust_030_cash_2,2026-04-24 14:00,cust_030,acct_1030,212.33,USD,cash_withdrawal,Self,IT,branch
c_cust_024_shop_2_0,2026-04-24 15:00,cust_024,acct_1024,88.67,USD,payment,Grocery Mart,GB,mobile
c_cust_057_cash_2,2026-04-24 16:00,cust_057,acct_1057,326.08,USD,cash_withdrawal,Self,IN,branch
c_cust_034_shop_2_2,2026-04-24 18:00,cust_034,acct_1034,135.45,USD,payment,Superstore Retail,DE,online
c_cust_048_shop_2_2,2026-04-24 18:00,cust_048,acct_1048,25.62,USD,payment,Grocery Mart,SE,online
c_cust_022_shop_2_3,2026-04-25 10:00,cust_022,acct_1022,42.16,USD,payment,Grocery Mart,US,online
c_cust_066_shop_2_1,2026-04-25 10:00,cust_066,acct_1066,62.64,USD,payment,Corner Pharmacy,KE,mobile
c_cust_022_shop_2_1,2026-04-25 11:00,cust_022,acct_1022,175.84,USD,payment,Online Marketplace,US,mobile
c_cust_041_cash_2,2026-04-25 11:00,cust_041,acct_1041,242.13,USD,cash_withdrawal,Self,US,branch
c_cust_021_shop_2_3,2026-04-25 12:00,cust_021,acct_1021,109.11,USD,payment,Online Marketplace,SG,online
c_cust_055_shop_2_0,2026-04-25 15:00,cust_055,acct_1055,147.06,USD,payment,Home Goods Co,MX,online
c_cust_016_shop_2_0,2026-04-25 16:00,cust_016,acct_1016,56.61,USD,payment,Grocery Mart,GB,mobile
c_cust_031_shop_2_1,2026-04-25 17:00,cust_031,acct_1031,165.03,USD,payment,Home Goods Co,SE,online
c_cust_017_cash_2,2026-04-25 18:00,cust_017,acct_1017,131.4,USD,cash_withdrawal,Self,BR,branch
c_cust_047_shop_2_0,2026-04-25 19:00,cust_047,acct_1047,82.45,USD,payment,Corner Pharmacy,AU,online
c_cust_040_shop_2_0,2026-04-25 20:00,cust_040,acct_1040,121.88,USD,payment,Superstore Retail,NG,online
c_cust_062_shop_2_0,2026-04-25 21:00,cust_062,acct_1062,146.95,USD,payment,Corner Pharmacy,GB,mobile
c_cust_018_shop_2_0,2026-04-26 12:00,cust_018,acct_1018,77.72,USD,payment,Online Marketplace,IN,mobile
c_cust_024_shop_2_2,2026-04-26 15:00,cust_024,acct_1024,105.55,USD,payment,Grocery Mart,GB,mobile
c_cust_041_shop_2_0,2026-04-26 15:00,cust_041,acct_1041,56.0,USD,payment,Online Marketplace,US,online
c_cust_058_cash_2,2026-04-26 15:00,cust_058,acct_1058,66.79,USD,cash_withdrawal,Self,KE,branch
c_cust_023_shop_2_2,2026-04-26 16:00,cust_023,acct_1023,72.16,USD,payment,Superstore Retail,SG,online
c_cust_057_shop_2_1,2026-04-26 17:00,cust_057,acct_1057,25.75,USD,payment,Online Marketplace,IN,mobile
c_cust_037_shop_2_1,2026-04-26 18:00,cust_037,acct_1037,120.0,USD,payment,Superstore Retail,AU,online
c_cust_062_shop_2_1,2026-04-27 12:00,cust_062,acct_1062,175.02,USD,payment,Home Goods Co,GB,mobile
c_cust_054_shop_2_0,2026-04-27 13:00,cust_054,acct_1054,162.2,USD,payment,Corner Pharmacy,AE,mobile
c_cust_038_shop_2_2,2026-04-27 17:00,cust_038,acct_1038,72.3,USD,payment,Superstore Retail,KE,online
c_cust_032_shop_2_1,2026-04-27 21:00,cust_032,acct_1032,54.28,USD,payment,Superstore Retail,AE,online
c_cust_015_shop_2_0,2026-04-28 15:00,cust_015,acct_1015,155.18,USD,payment,Online Marketplace,AU,mobile
c_cust_036_cash_2,2026-04-28 15:00,cust_036,acct_1036,101.52,USD,cash_withdrawal,Self,MX,branch
c_cust_060_shop_2_1,2026-04-28 19:00,cust_060,acct_1060,111.65,USD,payment,Corner Pharmacy,PH,online
c_cust_039_cash_2,2026-04-29 10:00,cust_039,acct_1039,333.42,USD,cash_withdrawal,Self,NG,branch
c_cust_054_cash_2,2026-04-29 11:00,cust_054,acct_1054,238.37,USD,cash_withdrawal,Self,AE,branch
c_cust_050_shop_2_0,2026-04-29 12:00,cust_050,acct_1050,69.7,USD,payment,Superstore Retail,IT,online
c_cust_037_shop_2_2,2026-04-29 14:00,cust_037,acct_1037,144.79,USD,payment,Grocery Mart,AU,mobile
c_cust_042_shop_2_1,2026-04-29 14:00,cust_042,acct_1042,123.32,USD,payment,Superstore Retail,IN,online
c_cust_058_shop_2_0,2026-04-29 15:00,cust_058,acct_1058,35.88,USD,payment,Superstore Retail,KE,mobile
c_cust_013_shop_2_1,2026-04-29 17:00,cust_013,acct_1013,60.94,USD,payment,Corner Pharmacy,IN,mobile
c_cust_061_shop_2_1,2026-04-29 17:00,cust_061,acct_1061,156.57,USD,payment,Home Goods Co,JP,mobile
c_cust_018_sal_3,2026-05-02 07:00,cust_018,acct_1018,8386.41,USD,salary,Olson Group Payroll,IN,online
c_cust_021_sal_3,2026-05-02 07:00,cust_021,acct_1021,6274.47,USD,salary,"Johnson, Johnson and Ramirez Payroll",SG,online
c_cust_022_sal_3,2026-05-02 07:00,cust_022,acct_1022,7951.35,USD,salary,"Cooper, Day and Davenport Payroll",US,online
c_cust_024_sal_3,2026-05-02 07:00,cust_024,acct_1024,6451.85,USD,salary,Mckenzie and Sons Payroll,GB,online
c_cust_046_sal_3,2026-05-02 07:00,cust_046,acct_1046,5243.7,USD,salary,Bennett LLC Payroll,PH,online
c_cust_013_sal_3,2026-05-02 08:00,cust_013,acct_1013,2478.26,USD,salary,"Brown, Harris and Becker Payroll",IN,online
c_cust_015_sal_3,2026-05-02 08:00,cust_015,acct_1015,9982.6,USD,salary,"Beck, Brown and Miles Payroll",AU,online
c_cust_041_sal_3,2026-05-02 08:00,cust_041,acct_1041,3058.76,USD,salary,Jimenez Group Payroll,US,online
c_cust_049_sal_3,2026-05-02 08:00,cust_049,acct_1049,3834.83,USD,salary,"Smith, Medina and Davies Payroll",FR,online
c_cust_053_sal_3,2026-05-02 08:00,cust_053,acct_1053,8827.6,USD,salary,Bell Inc Payroll,KE,online
c_cust_061_sal_3,2026-05-02 08:00,cust_061,acct_1061,4558.89,USD,salary,Brown-Garcia Payroll,JP,online
c_cust_055_sal_3,2026-05-02 09:00,cust_055,acct_1055,12077.34,USD,salary,"Hendricks, Walters and Harding Payroll",MX,online
c_cust_066_sal_3,2026-05-02 09:00,cust_066,acct_1066,3361.06,USD,salary,Copeland-Cochran Payroll,KE,online
c_cust_017_sal_3,2026-05-02 10:00,cust_017,acct_1017,7638.46,USD,salary,Smith PLC Payroll,BR,online
c_cust_025_sal_3,2026-05-02 10:00,cust_025,acct_1025,6523.89,USD,salary,"Hernandez, Dixon and Salas Payroll",GB,online
c_cust_026_sal_3,2026-05-02 10:00,cust_026,acct_1026,8695.04,USD,salary,Romero PLC Payroll,DE,online
c_cust_063_sal_3,2026-05-02 10:00,cust_063,acct_1063,6569.99,USD,salary,Mclaughlin-Jackson Payroll,AU,online
c_cust_033_shop_3_3,2026-05-02 13:00,cust_033,acct_1033,132.03,USD,payment,Superstore Retail,US,online
c_cust_061_shop_3_2,2026-05-02 14:00,cust_061,acct_1061,93.88,USD,payment,Corner Pharmacy,JP,mobile
c_cust_053_shop_3_0,2026-05-02 15:00,cust_053,acct_1053,28.49,USD,payment,Home Goods Co,KE,mobile
c_cust_029_shop_3_1,2026-05-02 19:00,cust_029,acct_1029,131.12,USD,payment,Corner Pharmacy,CA,online
c_cust_018_shop_3_3,2026-05-02 21:00,cust_018,acct_1018,168.62,USD,payment,Online Marketplace,IN,online
c_cust_016_sal_3,2026-05-03 07:00,cust_016,acct_1016,3883.44,USD,salary,Rangel-Crawford Payroll,GB,online
c_cust_038_sal_3,2026-05-03 07:00,cust_038,acct_1038,7449.29,USD,salary,King-Jones Payroll,KE,online
c_cust_044_sal_3,2026-05-03 07:00,cust_044,acct_1044,3381.16,USD,salary,Jackson Group Payroll,CA,online
c_cust_052_sal_3,2026-05-03 07:00,cust_052,acct_1052,6469.9,USD,salary,Cole-Joseph Payroll,KE,online
c_cust_059_sal_3,2026-05-03 07:00,cust_059,acct_1059,4359.12,USD,salary,Andrade-Hall Payroll,AE,online
c_cust_065_sal_3,2026-05-03 07:00,cust_065,acct_1065,5328.02,USD,salary,"Johnson, Massey and Wilson Payroll",MX,online
c_cust_019_sal_3,2026-05-03 08:00,cust_019,acct_1019,10765.9,USD,salary,"Bennett, Walters and Moses Payroll",IN,online
c_cust_031_sal_3,2026-05-03 08:00,cust_031,acct_1031,3543.59,USD,salary,Smith-Gamble Payroll,SE,online
c_cust_051_sal_3,2026-05-03 08:00,cust_051,acct_1051,4619.66,USD,salary,Walker-Hodges Payroll,SE,online
c_cust_058_sal_3,2026-05-03 08:00,cust_058,acct_1058,5937.97,USD,salary,Rojas-Gonzalez Payroll,KE,online
c_cust_028_sal_3,2026-05-03 09:00,cust_028,acct_1028,3157.32,USD,salary,Robinson-Cisneros Payroll,AE,online
c_cust_039_sal_3,2026-05-03 09:00,cust_039,acct_1039,7538.14,USD,salary,"Paul, Torres and Bradley Payroll",NG,online
c_cust_050_sal_3,2026-05-03 09:00,cust_050,acct_1050,10046.58,USD,salary,Buckley-Perez Payroll,IT,online
c_cust_060_sal_3,2026-05-03 09:00,cust_060,acct_1060,7357.73,USD,salary,"Bailey, Johnson and Morgan Payroll",PH,online
c_cust_020_sal_3,2026-05-03 10:00,cust_020,acct_1020,3798.57,USD,salary,"Evans, Day and Davis Payroll",PH,online
c_cust_030_sal_3,2026-05-03 10:00,cust_030,acct_1030,6180.78,USD,salary,Sullivan-Herrera Payroll,IT,online
c_cust_035_sal_3,2026-05-03 10:00,cust_035,acct_1035,5897.56,USD,salary,"Douglas, Wright and Parsons Payroll",DE,online
c_cust_037_sal_3,2026-05-03 10:00,cust_037,acct_1037,4553.34,USD,salary,"Hall, Johnson and Anderson Payroll",AU,online
c_cust_042_sal_3,2026-05-03 10:00,cust_042,acct_1042,4600.09,USD,salary,"Smith, Singh and King Payroll",IN,online
c_cust_057_sal_3,2026-05-03 10:00,cust_057,acct_1057,6256.35,USD,salary,Weber-Clark Payroll,IN,online
c_cust_067_sal_3,2026-05-03 10:00,cust_067,acct_1067,10340.39,USD,salary,Vincent PLC Payroll,GB,online
c_cust_033_shop_3_1,2026-05-03 12:00,cust_033,acct_1033,108.09,USD,payment,Corner Pharmacy,US,mobile
c_cust_025_shop_3_2,2026-05-03 17:00,cust_025,acct_1025,164.25,USD,payment,Grocery Mart,GB,mobile
c_cust_057_cash_3,2026-05-03 17:00,cust_057,acct_1057,322.2,USD,cash_withdrawal,Self,IN,branch
c_cust_036_shop_3_2,2026-05-03 18:00,cust_036,acct_1036,113.8,USD,payment,Grocery Mart,MX,mobile
c_cust_050_shop_3_2,2026-05-03 18:00,cust_050,acct_1050,68.68,USD,payment,Home Goods Co,IT,online
c_cust_035_shop_3_3,2026-05-03 19:00,cust_035,acct_1035,47.97,USD,payment,Online Marketplace,DE,mobile
c_cust_027_shop_3_3,2026-05-03 21:00,cust_027,acct_1027,18.59,USD,payment,Home Goods Co,KE,online
c_cust_034_sal_3,2026-05-04 07:00,cust_034,acct_1034,5371.54,USD,salary,George-Schwartz Payroll,DE,online
c_cust_036_sal_3,2026-05-04 07:00,cust_036,acct_1036,10281.3,USD,salary,Mitchell PLC Payroll,MX,online
c_cust_040_sal_3,2026-05-04 07:00,cust_040,acct_1040,10354.25,USD,salary,Roberts Inc Payroll,NG,online
c_cust_048_sal_3,2026-05-04 07:00,cust_048,acct_1048,8702.69,USD,salary,"Holland, Hubbard and Ellis Payroll",SE,online
c_cust_014_sal_3,2026-05-04 08:00,cust_014,acct_1014,3723.88,USD,salary,"Barnes, Sherman and Hernandez Payroll",NG,online
c_cust_027_sal_3,2026-05-04 08:00,cust_027,acct_1027,3487.96,USD,salary,"Orozco, Harris and West Payroll",KE,online
c_cust_033_sal_3,2026-05-04 08:00,cust_033,acct_1033,5583.43,USD,salary,Haas LLC Payroll,US,online
c_cust_054_sal_3,2026-05-04 08:00,cust_054,acct_1054,8565.75,USD,salary,"Wang, Williams and Johnson Payroll",AE,online
c_cust_064_rent_3,2026-05-04 08:00,cust_064,acct_1064,742.05,USD,payment,Parkview Apartments,NL,online
g_cust_006_0,2026-05-04 09:00,cust_006,acct_1006,9375.0,GBP,cash_deposit,Self,GB,branch
c_cust_018_shop_3_0,2026-05-04 09:00,cust_018,acct_1018,151.29,USD,payment,Grocery Mart,IN,mobile
c_cust_023_sal_3,2026-05-04 09:00,cust_023,acct_1023,12074.17,USD,salary,Johnson PLC Payroll,SG,online
c_cust_029_sal_3,2026-05-04 09:00,cust_029,acct_1029,4933.78,USD,salary,Cruz PLC Payroll,CA,online
c_cust_032_sal_3,2026-05-04 09:00,cust_032,acct_1032,4454.23,USD,salary,Porter-Thompson Payroll,AE,online
c_cust_056_rent_3,2026-05-04 09:00,cust_056,acct_1056,649.33,USD,payment,Home Realty Trust,FR,online
c_cust_043_sal_3,2026-05-04 10:00,cust_043,acct_1043,4926.82,USD,salary,Glover-Patterson Payroll,AE,online
c_cust_045_sal_3,2026-05-04 10:00,cust_045,acct_1045,4871.86,USD,salary,"Robinson, Escobar and Davies Payroll",NL,online
c_cust_047_sal_3,2026-05-04 10:00,cust_047,acct_1047,4086.82,USD,salary,Martinez Group Payroll,AU,online
c_cust_051_rent_3,2026-05-04 10:00,cust_051,acct_1051,1329.92,USD,payment,Parkview Apartments,SE,online
c_cust_056_sal_3,2026-05-04 10:00,cust_056,acct_1056,2768.41,USD,salary,Carson-Mejia Payroll,FR,online
c_cust_062_sal_3,2026-05-04 10:00,cust_062,acct_1062,2454.08,USD,salary,Newman-Myers Payroll,GB,online
c_cust_063_rent_3,2026-05-04 10:00,cust_063,acct_1063,1575.88,USD,payment,Home Realty Trust,AU,online
c_cust_064_sal_3,2026-05-04 10:00,cust_064,acct_1064,2323.31,USD,salary,Bowman and Sons Payroll,NL,online
c_cust_015_rent_3,2026-05-04 12:00,cust_015,acct_1015,3003.49,USD,payment,City Rentals,AU,online
c_cust_020_rent_3,2026-05-04 12:00,cust_020,acct_1020,1233.11,USD,payment,Home Realty Trust,PH,online
c_cust_022_rent_3,2026-05-04 12:00,cust_022,acct_1022,2437.3,USD,payment,Metro Landlord LLC,US,online
c_cust_024_rent_3,2026-05-04 12:00,cust_024,acct_1024,1368.33,USD,payment,Metro Landlord LLC,GB,online
c_cust_025_rent_3,2026-05-04 12:00,cust_025,acct_1025,2034.61,USD,payment,Parkview Apartments,GB,online
c_cust_045_cash_3,2026-05-04 12:00,cust_045,acct_1045,238.05,USD,cash_withdrawal,Self,NL,branch
c_cust_065_rent_3,2026-05-04 13:00,cust_065,acct_1065,1164.43,USD,payment,Home Realty Trust,MX,online
g_cust_006_1,2026-05-04 14:00,cust_006,acct_1006,9228.0,GBP,cash_deposit,Self,GB,branch
c_cust_034_rent_3,2026-05-04 14:00,cust_034,acct_1034,2023.16,USD,payment,Parkview Apartments,DE,online
c_cust_049_rent_3,2026-05-04 14:00,cust_049,acct_1049,1494.36,USD,payment,Home Realty Trust,FR,online
c_cust_059_rent_3,2026-05-04 14:00,cust_059,acct_1059,1094.02,USD,payment,Home Realty Trust,AE,online
c_cust_060_rent_3,2026-05-04 14:00,cust_060,acct_1060,2391.47,USD,payment,Parkview Apartments,PH,online
c_cust_047_rent_3,2026-05-04 15:00,cust_047,acct_1047,1471.23,USD,payment,City Rentals,AU,online
c_cust_016_shop_3_0,2026-05-04 16:00,cust_016,acct_1016,17.89,USD,payment,Corner Pharmacy,GB,online
c_cust_026_rent_3,2026-05-04 16:00,cust_026,acct_1026,3090.21,USD,payment,Parkview Apartments,DE,online
c_cust_052_rent_3,2026-05-04 16:00,cust_052,acct_1052,2007.21,USD,payment,Home Realty Trust,KE,online
c_cust_044_rent_3,2026-05-04 17:00,cust_044,acct_1044,770.98,USD,payment,Home Realty Trust,CA,online
c_cust_050_rent_3,2026-05-04 17:00,cust_050,acct_1050,2537.71,USD,payment,Metro Landlord LLC,IT,online
c_cust_019_shop_3_1,2026-05-04 18:00,cust_019,acct_1019,117.66,USD,payment,Online Marketplace,IN,online
c_cust_031_rent_3,2026-05-04 18:00,cust_031,acct_1031,1134.47,USD,payment,City Rentals,SE,online
c_cust_016_rent_3,2026-05-04 19:00,cust_016,acct_1016,1191.48,USD,payment,Metro Landlord LLC,GB,online
c_cust_030_shop_3_3,2026-05-04 19:00,cust_030,acct_1030,62.19,USD,payment,Home Goods Co,IT,mobile
c_cust_058_rent_3,2026-05-04 19:00,cust_058,acct_1058,1427.17,USD,payment,Home Realty Trust,KE,online
c_cust_047_shop_3_3,2026-05-04 20:00,cust_047,acct_1047,89.07,USD,payment,Online Marketplace,AU,online
g_cust_006_2,2026-05-05 09:00,cust_006,acct_1006,9653.0,GBP,cash_deposit,Self,GB,branch
c_cust_035_shop_3_1,2026-05-05 10:00,cust_035,acct_1035,51.42,USD,payment,Grocery Mart,DE,online
c_cust_013_rent_3,2026-05-05 11:00,cust_013,acct_1013,569.87,USD,payment,Metro Landlord LLC,IN,online
c_cust_015_shop_3_2,2026-05-05 11:00,cust_015,acct_1015,58.21,USD,payment,Superstore Retail,AU,online
c_cust_046_shop_3_0,2026-05-05 11:00,cust_046,acct_1046,163.09,USD,payment,Grocery Mart,PH,mobile
c_cust_038_shop_3_2,2026-05-05 12:00,cust_038,acct_1038,167.76,USD,payment,Home Goods Co,KE,mobile
c_cust_042_rent_3,2026-05-05 12:00,cust_042,acct_1042,1485.27,USD,payment,Parkview Apartments,IN,online
c_cust_050_shop_3_0,2026-05-05 12:00,cust_050,acct_1050,131.84,USD,payment,Superstore Retail,IT,online
c_cust_054_shop_3_1,2026-05-05 12:00,cust_054,acct_1054,81.52,USD,payment,Superstore Retail,AE,online
c_cust_057_rent_3,2026-05-05 12:00,cust_057,acct_1057,1455.13,USD,payment,Metro Landlord LLC,IN,online
c_cust_067_cash_3,2026-05-05 12:00,cust_067,acct_1067,265.68,USD,cash_withdrawal,Self,GB,branch
c_cust_021_rent_3,2026-05-05 13:00,cust_021,acct_1021,1547.42,USD,payment,Metro Landlord LLC,SG,online
g_cust_006_3,2026-05-05 14:00,cust_006,acct_1006,9162.0,GBP,cash_deposit,Self,GB,branch
c_cust_026_shop_3_3,2026-05-05 14:00,cust_026,acct_1026,132.91,USD,payment,Online Marketplace,DE,mobile
c_cust_048_cash_3,2026-05-05 14:00,cust_048,acct_1048,259.06,USD,cash_withdrawal,Self,SE,branch
c_cust_023_rent_3,2026-05-05 16:00,cust_023,acct_1023,2647.9,USD,payment,City Rentals,SG,online
c_cust_027_rent_3,2026-05-05 16:00,cust_027,acct_1027,1032.17,USD,payment,Parkview Apartments,KE,online
c_cust_035_shop_3_2,2026-05-05 16:00,cust_035,acct_1035,29.56,USD,payment,Superstore Retail,DE,mobile
c_cust_065_cash_3,2026-05-05 16:00,cust_065,acct_1065,149.57,USD,cash_withdrawal,Self,MX,branch
c_cust_067_rent_3,2026-05-05 16:00,cust_067,acct_1067,3037.38,USD,payment,Metro Landlord LLC,GB,online
c_cust_014_shop_3_0,2026-05-05 17:00,cust_014,acct_1014,138.67,USD,payment,Superstore Retail,NG,mobile
c_cust_028_rent_3,2026-05-05 17:00,cust_028,acct_1028,1138.15,USD,payment,Metro Landlord LLC,AE,online
c_cust_040_rent_3,2026-05-05 17:00,cust_040,acct_1040,2226.76,USD,payment,Parkview Apartments,NG,online
c_cust_046_rent_3,2026-05-05 18:00,cust_046,acct_1046,1763.5,USD,payment,Parkview Apartments,PH,online
c_cust_047_shop_3_2,2026-05-05 18:00,cust_047,acct_1047,158.76,USD,payment,Corner Pharmacy,AU,mobile
c_cust_048_rent_3,2026-05-05 18:00,cust_048,acct_1048,2974.23,USD,payment,City Rentals,SE,online
c_cust_030_shop_3_1,2026-05-05 19:00,cust_030,acct_1030,95.66,USD,payment,Corner Pharmacy,IT,mobile
c_cust_036_rent_3,2026-05-06 08:00,cust_036,acct_1036,2363.8,USD,payment,Home Realty Trust,MX,online
c_cust_037_rent_3,2026-05-06 08:00,cust_037,acct_1037,980.96,USD,payment,Home Realty Trust,AU,online
c_cust_019_shop_3_0,2026-05-06 09:00,cust_019,acct_1019,23.53,USD,payment,Superstore Retail,IN,mobile
c_cust_029_rent_3,2026-05-06 09:00,cust_029,acct_1029,1218.83,USD,payment,Metro Landlord LLC,CA,online
c_cust_017_rent_3,2026-05-06 10:00,cust_017,acct_1017,2026.37,USD,payment,Metro Landlord LLC,BR,online
c_cust_049_shop_3_0,2026-05-06 10:00,cust_049,acct_1049,94.81,USD,payment,Superstore Retail,FR,online
c_cust_030_rent_3,2026-05-06 12:00,cust_030,acct_1030,1889.91,USD,payment,Metro Landlord LLC,IT,online
c_cust_054_rent_3,2026-05-06 12:00,cust_054,acct_1054,3272.61,USD,payment,Parkview Apartments,AE,online
c_cust_018_rent_3,2026-05-06 13:00,cust_018,acct_1018,3166.09,USD,payment,Parkview Apartments,IN,online
c_cust_022_shop_3_0,2026-05-06 13:00,cust_022,acct_1022,114.61,USD,payment,Corner Pharmacy,US,online
c_cust_053_rent_3,2026-05-06 13:00,cust_053,acct_1053,2561.43,USD,payment,Metro Landlord LLC,KE,online
c_cust_062_rent_3,2026-05-06 14:00,cust_062,acct_1062,781.12,USD,payment,Metro Landlord LLC,GB,online
c_cust_013_shop_3_0,2026-05-06 15:00,cust_013,acct_1013,103.21,USD,payment,Home Goods Co,IN,mobile
c_cust_067_shop_3_1,2026-05-06 15:00,cust_067,acct_1067,171.41,USD,payment,Grocery Mart,GB,mobile
c_cust_031_cash_3,2026-05-06 16:00,cust_031,acct_1031,368.9,USD,cash_withdrawal,Self,SE,branch
c_cust_061_rent_3,2026-05-06 16:00,cust_061,acct_1061,1308.24,USD,payment,Home Realty Trust,JP,online
c_cust_061_shop_3_0,2026-05-06 18:00,cust_061,acct_1061,113.92,USD,payment,Home Goods Co,JP,mobile
c_cust_045_rent_3,2026-05-06 19:00,cust_045,acct_1045,1309.34,USD,payment,Parkview Apartments,NL,online
c_cust_013_shop_3_1,2026-05-06 20:00,cust_013,acct_1013,156.77,USD,payment,Home Goods Co,IN,online
c_cust_033_rent_3,2026-05-06 20:00,cust_033,acct_1033,1460.52,USD,payment,Metro Landlord LLC,US,online
c_cust_021_util_3_0,2026-05-07 08:00,cust_021,acct_1021,61.83,USD,payment,Gas & Power Ltd,SG,branch
c_cust_030_util_3_0,2026-05-07 08:00,cust_030,acct_1030,137.76,USD,payment,National Broadband Co,IT,online
c_cust_055_rent_3,2026-05-07 09:00,cust_055,acct_1055,3240.07,USD,payment,Parkview Apartments,MX,online
c_cust_019_rent_3,2026-05-07 10:00,cust_019,acct_1019,3809.5,USD,payment,Home Realty Trust,IN,online
c_cust_035_rent_3,2026-05-07 10:00,cust_035,acct_1035,1608.51,USD,payment,City Rentals,DE,online
c_cust_027_util_3_1,2026-05-07 11:00,cust_027,acct_1027,106.74,USD,payment,Regional Electric Board,KE,branch
c_cust_048_util_3_1,2026-05-07 12:00,cust_048,acct_1048,41.33,USD,payment,National Broadband Co,SE,online
c_cust_063_util_3_1,2026-05-07 12:00,cust_063,acct_1063,108.31,USD,payment,Metro Water Authority,AU,online
c_cust_026_util_3_1,2026-05-07 14:00,cust_026,acct_1026,239.35,USD,payment,National Broadband Co,DE,online
c_cust_025_shop_3_0,2026-05-07 16:00,cust_025,acct_1025,155.2,USD,payment,Online Marketplace,GB,online
c_cust_032_rent_3,2026-05-07 16:00,cust_032,acct_1032,1430.2,USD,payment,Parkview Apartments,AE,online
c_cust_062_util_3_0,2026-05-07 16:00,cust_062,acct_1062,153.52,USD,payment,Mobile Telecom,GB,online
c_cust_039_rent_3,2026-05-07 17:00,cust_039,acct_1039,1508.53,USD,payment,Metro Landlord LLC,NG,online
c_cust_050_util_3_0,2026-05-07 17:00,cust_050,acct_1050,185.1,USD,payment,Mobile Telecom,IT,online
c_cust_066_rent_3,2026-05-07 17:00,cust_066,acct_1066,1045.6,USD,payment,Home Realty Trust,KE,online
c_cust_014_rent_3,2026-05-07 18:00,cust_014,acct_1014,1013.56,USD,payment,Parkview Apartments,NG,online
c_cust_032_shop_3_1,2026-05-07 18:00,cust_032,acct_1032,25.94,USD,payment,Online Marketplace,AE,mobile
c_cust_041_rent_3,2026-05-07 18:00,cust_041,acct_1041,987.5,USD,payment,Parkview Apartments,US,online
c_cust_043_rent_3,2026-05-07 19:00,cust_043,acct_1043,1306.44,USD,payment,City Rentals,AE,online
c_cust_026_shop_3_1,2026-05-07 20:00,cust_026,acct_1026,76.24,USD,payment,Home Goods Co,DE,online
c_cust_038_rent_3,2026-05-07 20:00,cust_038,acct_1038,2379.49,USD,payment,Parkview Apartments,KE,online
c_cust_028_util_3_1,2026-05-08 08:00,cust_028,acct_1028,53.02,USD,payment,Regional Electric Board,AE,branch
c_cust_043_shop_3_3,2026-05-08 09:00,cust_043,acct_1043,113.26,USD,payment,Corner Pharmacy,AE,mobile
c_cust_056_shop_3_1,2026-05-08 09:00,cust_056,acct_1056,94.4,USD,payment,Corner Pharmacy,FR,mobile
c_cust_036_shop_3_3,2026-05-08 11:00,cust_036,acct_1036,123.33,USD,payment,Grocery Mart,MX,online
c_cust_048_util_3_0,2026-05-08 11:00,cust_048,acct_1048,185.99,USD,payment,Gas & Power Ltd,SE,branch
c_cust_021_cash_3,2026-05-08 13:00,cust_021,acct_1021,98.07,USD,cash_withdrawal,Self,SG,branch
c_cust_019_util_3_0,2026-05-08 14:00,cust_019,acct_1019,162.89,USD,payment,Metro Water Authority,IN,mobile
c_cust_042_util_3_0,2026-05-08 14:00,cust_042,acct_1042,35.76,USD,payment,Regional Electric Board,IN,online
c_cust_045_shop_3_0,2026-05-08 14:00,cust_045,acct_1045,104.56,USD,payment,Grocery Mart,NL,online
c_cust_057_shop_3_1,2026-05-08 15:00,cust_057,acct_1057,144.37,USD,payment,Home Goods Co,IN,online
c_cust_021_shop_3_1,2026-05-08 17:00,cust_021,acct_1021,162.06,USD,payment,Grocery Mart,SG,mobile
c_cust_032_shop_3_3,2026-05-08 18:00,cust_032,acct_1032,167.59,USD,payment,Home Goods Co,AE,online
c_cust_037_shop_3_2,2026-05-08 18:00,cust_037,acct_1037,90.55,USD,payment,Superstore Retail,AU,mobile
c_cust_064_shop_3_3,2026-05-08 18:00,cust_064,acct_1064,156.9,USD,payment,Corner Pharmacy,NL,mobile
c_cust_060_util_3_0,2026-05-08 19:00,cust_060,acct_1060,75.74,USD,payment,Mobile Telecom,PH,branch
c_cust_030_shop_3_2,2026-05-08 21:00,cust_030,acct_1030,104.61,USD,payment,Grocery Mart,IT,mobile
c_cust_024_util_3_0,2026-05-09 08:00,cust_024,acct_1024,114.15,USD,payment,Gas & Power Ltd,GB,branch
c_cust_066_util_3_0,2026-05-09 08:00,cust_066,acct_1066,163.87,USD,payment,Metro Water Authority,KE,branch
c_cust_041_util_3_0,2026-05-09 09:00,cust_041,acct_1041,88.64,USD,payment,National Broadband Co,US,mobile
c_cust_041_util_3_1,2026-05-09 15:00,cust_041,acct_1041,257.54,USD,payment,City Utilities,US,mobile
c_cust_046_util_3_1,2026-05-09 16:00,cust_046,acct_1046,156.94,USD,payment,Gas & Power Ltd,PH,online
c_cust_059_util_3_0,2026-05-09 17:00,cust_059,acct_1059,57.58,USD,payment,City Utilities,AE,online
c_cust_024_util_3_1,2026-05-09 19:00,cust_024,acct_1024,204.65,USD,payment,Metro Water Authority,GB,branch
c_cust_029_util_3_0,2026-05-09 21:00,cust_029,acct_1029,194.84,USD,payment,Metro Water Authority,CA,mobile
c_cust_060_shop_3_0,2026-05-09 21:00,cust_060,acct_1060,22.16,USD,payment,Home Goods Co,PH,mobile
g_cust_006_rent,2026-05-10 09:00,cust_006,acct_1006,950,GBP,payment,City Rentals,GB,online
c_cust_049_util_3_0,2026-05-10 09:00,cust_049,acct_1049,184.06,USD,payment,National Broadband Co,FR,branch
c_cust_029_shop_3_0,2026-05-10 11:00,cust_029,acct_1029,19.88,USD,payment,Online Marketplace,CA,mobile
c_cust_014_shop_3_2,2026-05-10 12:00,cust_014,acct_1014,63.34,USD,payment,Superstore Retail,NG,mobile
c_cust_026_shop_3_0,2026-05-10 12:00,cust_026,acct_1026,45.7,USD,payment,Online Marketplace,DE,online
c_cust_066_cash_3,2026-05-10 12:00,cust_066,acct_1066,344.52,USD,cash_withdrawal,Self,KE,branch
c_cust_027_shop_3_2,2026-05-10 13:00,cust_027,acct_1027,159.93,USD,payment,Superstore Retail,KE,mobile
c_cust_032_util_3_0,2026-05-10 13:00,cust_032,acct_1032,64.69,USD,payment,Regional Electric Board,AE,online
c_cust_039_util_3_1,2026-05-10 13:00,cust_039,acct_1039,171.61,USD,payment,City Utilities,NG,mobile
c_cust_036_util_3_0,2026-05-10 15:00,cust_036,acct_1036,94.4,USD,payment,Metro Water Authority,MX,branch
c_cust_044_util_3_1,2026-05-10 15:00,cust_044,acct_1044,103.2,USD,payment,National Broadband Co,CA,branch
c_cust_022_util_3_1,2026-05-10 16:00,cust_022,acct_1022,255.6,USD,payment,Metro Water Authority,US,mobile
c_cust_014_shop_3_3,2026-05-10 17:00,cust_014,acct_1014,84.14,USD,payment,Superstore Retail,NG,online
c_cust_015_shop_3_1,2026-05-10 18:00,cust_015,acct_1015,36.32,USD,payment,Home Goods Co,AU,online
c_cust_051_util_3_1,2026-05-10 18:00,cust_051,acct_1051,131.78,USD,payment,Metro Water Authority,SE,branch
c_cust_035_util_3_1,2026-05-10 19:00,cust_035,acct_1035,76.06,USD,payment,Mobile Telecom,DE,online
c_cust_032_shop_3_2,2026-05-10 20:00,cust_032,acct_1032,109.36,USD,payment,Online Marketplace,AE,online
c_cust_023_util_3_1,2026-05-10 21:00,cust_023,acct_1023,62.05,USD,payment,National Broadband Co,SG,branch
c_cust_036_shop_3_1,2026-05-10 21:00,cust_036,acct_1036,162.36,USD,payment,Superstore Retail,MX,mobile
c_cust_015_util_3_0,2026-05-11 09:00,cust_015,acct_1015,169.88,USD,payment,Regional Electric Board,AU,online
c_cust_017_shop_3_0,2026-05-11 09:00,cust_017,acct_1017,36.0,USD,payment,Corner Pharmacy,BR,mobile
c_cust_066_shop_3_1,2026-05-11 10:00,cust_066,acct_1066,57.24,USD,payment,Home Goods Co,KE,online
c_cust_017_util_3_0,2026-05-11 11:00,cust_017,acct_1017,118.45,USD,payment,Gas & Power Ltd,BR,mobile
c_cust_054_util_3_0,2026-05-11 11:00,cust_054,acct_1054,120.81,USD,payment,City Utilities,AE,mobile
c_cust_019_cash_3,2026-05-11 12:00,cust_019,acct_1019,237.19,USD,cash_withdrawal,Self,IN,branch
c_cust_038_util_3_0,2026-05-11 12:00,cust_038,acct_1038,234.99,USD,payment,National Broadband Co,KE,online
c_cust_020_util_3_0,2026-05-11 14:00,cust_020,acct_1020,257.81,USD,payment,Mobile Telecom,PH,online
c_cust_035_shop_3_0,2026-05-11 17:00,cust_035,acct_1035,69.48,USD,payment,Corner Pharmacy,DE,mobile
c_cust_053_shop_3_3,2026-05-11 17:00,cust_053,acct_1053,133.12,USD,payment,Grocery Mart,KE,mobile
c_cust_051_util_3_0,2026-05-11 18:00,cust_051,acct_1051,76.26,USD,payment,Mobile Telecom,SE,branch
c_cust_052_util_3_0,2026-05-11 18:00,cust_052,acct_1052,197.19,USD,payment,Regional Electric Board,KE,branch
c_cust_016_util_3_0,2026-05-11 19:00,cust_016,acct_1016,148.8,USD,payment,National Broadband Co,GB,mobile
c_cust_020_shop_3_1,2026-05-11 19:00,cust_020,acct_1020,174.38,USD,payment,Home Goods Co,PH,mobile
c_cust_026_util_3_0,2026-05-11 21:00,cust_026,acct_1026,177.01,USD,payment,National Broadband Co,DE,online
c_cust_039_shop_3_0,2026-05-11 21:00,cust_039,acct_1039,47.04,USD,payment,Home Goods Co,NG,online
c_cust_018_util_3_1,2026-05-12 12:00,cust_018,acct_1018,98.4,USD,payment,Gas & Power Ltd,IN,branch
c_cust_041_shop_3_0,2026-05-12 12:00,cust_041,acct_1041,20.07,USD,payment,Superstore Retail,US,online
c_cust_055_util_3_0,2026-05-12 12:00,cust_055,acct_1055,154.9,USD,payment,Mobile Telecom,MX,mobile
c_cust_020_util_3_1,2026-05-12 13:00,cust_020,acct_1020,205.87,USD,payment,National Broadband Co,PH,online
c_cust_049_cash_3,2026-05-12 13:00,cust_049,acct_1049,78.28,USD,cash_withdrawal,Self,FR,branch
c_cust_061_util_3_0,2026-05-12 14:00,cust_061,acct_1061,232.76,USD,payment,Gas & Power Ltd,JP,branch
c_cust_033_cash_3,2026-05-12 16:00,cust_033,acct_1033,278.52,USD,cash_withdrawal,Self,US,branch
c_cust_038_shop_3_0,2026-05-12 16:00,cust_038,acct_1038,81.51,USD,payment,Online Marketplace,KE,mobile
c_cust_046_util_3_0,2026-05-12 17:00,cust_046,acct_1046,161.43,USD,payment,Regional Electric Board,PH,mobile
c_cust_066_shop_3_0,2026-05-12 17:00,cust_066,acct_1066,113.84,USD,payment,Corner Pharmacy,KE,online
c_cust_048_shop_3_0,2026-05-12 18:00,cust_048,acct_1048,129.37,USD,payment,Home Goods Co,SE,mobile
c_cust_055_shop_3_3,2026-05-12 20:00,cust_055,acct_1055,159.6,USD,payment,Grocery Mart,MX,online
c_cust_057_util_3_1,2026-05-13 09:00,cust_057,acct_1057,256.9,USD,payment,City Utilities,IN,branch
c_cust_053_util_3_0,2026-05-13 10:00,cust_053,acct_1053,245.85,USD,payment,Regional Electric Board,KE,online
c_cust_028_shop_3_2,2026-05-13 13:00,cust_028,acct_1028,42.95,USD,payment,Online Marketplace,AE,online
c_cust_043_util_3_0,2026-05-13 13:00,cust_043,acct_1043,56.94,USD,payment,Gas & Power Ltd,AE,mobile
c_cust_037_util_3_0,2026-05-13 14:00,cust_037,acct_1037,219.79,USD,payment,Mobile Telecom,AU,mobile
c_cust_035_util_3_0,2026-05-13 15:00,cust_035,acct_1035,61.11,USD,payment,City Utilities,DE,branch
c_cust_026_shop_3_2,2026-05-13 17:00,cust_026,acct_1026,168.8,USD,payment,Home Goods Co,DE,online
c_cust_032_cash_3,2026-05-13 17:00,cust_032,acct_1032,181.37,USD,cash_withdrawal,Self,AE,branch
c_cust_060_shop_3_1,2026-05-13 18:00,cust_060,acct_1060,45.81,USD,payment,Corner Pharmacy,PH,mobile
c_cust_034_shop_3_1,2026-05-13 20:00,cust_034,acct_1034,25.58,USD,payment,Home Goods Co,DE,mobile
c_cust_047_util_3_0,2026-05-13 20:00,cust_047,acct_1047,49.0,USD,payment,National Broadband Co,AU,mobile
c_cust_048_shop_3_1,2026-05-13 20:00,cust_048,acct_1048,112.27,USD,payment,Superstore Retail,SE,online
c_cust_029_util_3_1,2026-05-13 21:00,cust_029,acct_1029,239.05,USD,payment,Gas & Power Ltd,CA,branch
c_cust_043_shop_3_1,2026-05-13 21:00,cust_043,acct_1043,155.3,USD,payment,Online Marketplace,AE,online
c_cust_022_util_3_0,2026-05-14 08:00,cust_022,acct_1022,32.9,USD,payment,National Broadband Co,US,branch
c_cust_066_util_3_1,2026-05-14 08:00,cust_066,acct_1066,193.98,USD,payment,City Utilities,KE,branch
c_cust_044_util_3_0,2026-05-14 09:00,cust_044,acct_1044,88.1,USD,payment,Gas & Power Ltd,CA,branch
c_cust_065_util_3_0,2026-05-14 09:00,cust_065,acct_1065,235.01,USD,payment,National Broadband Co,MX,mobile
c_cust_067_shop_3_2,2026-05-14 09:00,cust_067,acct_1067,57.33,USD,payment,Home Goods Co,GB,online
c_cust_056_shop_3_0,2026-05-14 10:00,cust_056,acct_1056,53.22,USD,payment,Superstore Retail,FR,mobile
c_cust_067_util_3_0,2026-05-14 10:00,cust_067,acct_1067,182.5,USD,payment,Metro Water Authority,GB,online
c_cust_033_util_3_0,2026-05-14 11:00,cust_033,acct_1033,176.31,USD,payment,Metro Water Authority,US,mobile
c_cust_033_util_3_1,2026-05-14 11:00,cust_033,acct_1033,104.48,USD,payment,City Utilities,US,online
c_cust_016_shop_3_2,2026-05-14 12:00,cust_016,acct_1016,166.23,USD,payment,Superstore Retail,GB,online
c_cust_031_shop_3_0,2026-05-14 12:00,cust_031,acct_1031,22.79,USD,payment,Grocery Mart,SE,online
c_cust_049_util_3_1,2026-05-14 12:00,cust_049,acct_1049,44.6,USD,payment,Mobile Telecom,FR,mobile
c_cust_024_shop_3_2,2026-05-14 13:00,cust_024,acct_1024,66.56,USD,payment,Home Goods Co,GB,online
c_cust_038_shop_3_1,2026-05-14 14:00,cust_038,acct_1038,78.61,USD,payment,Corner Pharmacy,KE,mobile
c_cust_045_util_3_1,2026-05-14 15:00,cust_045,acct_1045,125.78,USD,payment,Gas & Power Ltd,NL,online
c_cust_054_shop_3_0,2026-05-14 16:00,cust_054,acct_1054,17.09,USD,payment,Corner Pharmacy,AE,online
c_cust_027_shop_3_0,2026-05-14 18:00,cust_027,acct_1027,80.41,USD,payment,Online Marketplace,KE,online
c_cust_039_util_3_0,2026-05-14 18:00,cust_039,acct_1039,232.49,USD,payment,Mobile Telecom,NG,mobile
c_cust_034_util_3_1,2026-05-14 19:00,cust_034,acct_1034,178.89,USD,payment,National Broadband Co,DE,branch
c_cust_056_shop_3_2,2026-05-14 19:00,cust_056,acct_1056,35.38,USD,payment,Grocery Mart,FR,mobile
c_cust_016_util_3_1,2026-05-14 20:00,cust_016,acct_1016,57.26,USD,payment,Mobile Telecom,GB,online
c_cust_031_util_3_1,2026-05-14 20:00,cust_031,acct_1031,51.42,USD,payment,Metro Water Authority,SE,branch
c_cust_013_util_3_0,2026-05-14 21:00,cust_013,acct_1013,165.5,USD,payment,Metro Water Authority,IN,mobile
c_cust_027_util_3_0,2026-05-15 12:00,cust_027,acct_1027,170.94,USD,payment,National Broadband Co,KE,mobile
c_cust_014_util_3_0,2026-05-15 16:00,cust_014,acct_1014,60.13,USD,payment,City Utilities,NG,branch
c_cust_018_shop_3_2,2026-05-15 16:00,cust_018,acct_1018,36.9,USD,payment,Corner Pharmacy,IN,online
c_cust_034_util_3_0,2026-05-15 18:00,cust_034,acct_1034,102.59,USD,payment,Mobile Telecom,DE,online
c_cust_040_util_3_0,2026-05-15 20:00,cust_040,acct_1040,250.06,USD,payment,National Broadband Co,NG,online
c_cust_057_util_3_0,2026-05-15 20:00,cust_057,acct_1057,139.86,USD,payment,Metro Water Authority,IN,branch
c_cust_018_util_3_0,2026-05-16 08:00,cust_018,acct_1018,90.3,USD,payment,Gas & Power Ltd,IN,branch
c_cust_059_util_3_1,2026-05-16 08:00,cust_059,acct_1059,64.81,USD,payment,City Utilities,AE,branch
c_cust_028_util_3_0,2026-05-16 09:00,cust_028,acct_1028,63.43,USD,payment,Mobile Telecom,AE,branch
c_cust_045_util_3_0,2026-05-16 09:00,cust_045,acct_1045,167.97,USD,payment,Mobile Telecom,NL,online
c_cust_017_shop_3_2,2026-05-16 12:00,cust_017,acct_1017,144.21,USD,payment,Superstore Retail,BR,online
c_cust_063_util_3_0,2026-05-16 12:00,cust_063,acct_1063,206.22,USD,payment,Mobile Telecom,AU,mobile
c_cust_032_shop_3_0,2026-05-16 15:00,cust_032,acct_1032,88.51,USD,payment,Home Goods Co,AE,mobile
c_cust_056_util_3_0,2026-05-16 15:00,cust_056,acct_1056,228.38,USD,payment,Metro Water Authority,FR,mobile
c_cust_059_shop_3_2,2026-05-16 15:00,cust_059,acct_1059,34.26,USD,payment,Superstore Retail,AE,mobile
c_cust_064_util_3_0,2026-05-16 16:00,cust_064,acct_1064,184.91,USD,payment,Gas & Power Ltd,NL,branch
c_cust_036_cash_3,2026-05-16 17:00,cust_036,acct_1036,144.11,USD,cash_withdrawal,Self,MX,branch
c_cust_045_shop_3_1,2026-05-16 18:00,cust_045,acct_1045,108.92,USD,payment,Grocery Mart,NL,online
c_cust_058_util_3_0,2026-05-16 20:00,cust_058,acct_1058,52.99,USD,payment,Regional Electric Board,KE,online
c_cust_039_shop_3_1,2026-05-16 21:00,cust_039,acct_1039,47.62,USD,payment,Superstore Retail,NG,mobile
c_cust_023_util_3_0,2026-05-17 09:00,cust_023,acct_1023,157.66,USD,payment,Metro Water Authority,SG,mobile
c_cust_025_util_3_0,2026-05-17 09:00,cust_025,acct_1025,249.98,USD,payment,Gas & Power Ltd,GB,branch
c_cust_023_shop_3_1,2026-05-17 11:00,cust_023,acct_1023,104.02,USD,payment,Grocery Mart,SG,online
c_cust_042_shop_3_0,2026-05-17 12:00,cust_042,acct_1042,25.86,USD,payment,Online Marketplace,IN,mobile
c_cust_060_util_3_1,2026-05-17 13:00,cust_060,acct_1060,94.88,USD,payment,Metro Water Authority,PH,branch
c_cust_031_util_3_0,2026-05-17 14:00,cust_031,acct_1031,155.19,USD,payment,Regional Electric Board,SE,branch
c_cust_023_shop_3_0,2026-05-17 16:00,cust_023,acct_1023,164.4,USD,payment,Corner Pharmacy,SG,online
c_cust_050_shop_3_1,2026-05-17 18:00,cust_050,acct_1050,142.42,USD,payment,Online Marketplace,IT,online
c_cust_046_shop_3_2,2026-05-18 09:00,cust_046,acct_1046,72.72,USD,payment,Home Goods Co,PH,mobile
c_cust_038_shop_3_3,2026-05-18 15:00,cust_038,acct_1038,120.12,USD,payment,Online Marketplace,KE,online
c_cust_047_shop_3_0,2026-05-18 15:00,cust_047,acct_1047,131.33,USD,payment,Grocery Mart,AU,online
c_cust_066_shop_3_2,2026-05-19 12:00,cust_066,acct_1066,78.54,USD,payment,Corner Pharmacy,KE,online
c_cust_036_shop_3_0,2026-05-19 21:00,cust_036,acct_1036,29.59,USD,payment,Superstore Retail,MX,mobile
g_cust_008_in,2026-05-20 11:00,cust_008,acct_1008,180000,USD,wire_in,Horizon Commodities FZE,AE,online
c_cust_048_shop_3_2,2026-05-20 12:00,cust_048,acct_1048,178.05,USD,payment,Superstore Retail,SE,online
c_cust_017_shop_3_1,2026-05-20 16:00,cust_017,acct_1017,15.03,USD,payment,Corner Pharmacy,BR,mobile
g_cust_008_out,2026-05-20 17:00,cust_008,acct_1008,176000,USD,wire_out,Silver Crescent Trading,MM,online
c_cust_034_shop_3_0,2026-05-20 17:00,cust_034,acct_1034,179.13,USD,payment,Superstore Retail,DE,mobile
c_cust_037_shop_3_0,2026-05-20 17:00,cust_037,acct_1037,123.11,USD,payment,Grocery Mart,AU,online
c_cust_057_shop_3_0,2026-05-20 17:00,cust_057,acct_1057,129.26,USD,payment,Online Marketplace,IN,mobile
c_cust_059_cash_3,2026-05-20 17:00,cust_059,acct_1059,371.08,USD,cash_withdrawal,Self,AE,branch
c_cust_037_shop_3_3,2026-05-20 19:00,cust_037,acct_1037,161.77,USD,payment,Grocery Mart,AU,mobile
c_cust_047_shop_3_1,2026-05-20 21:00,cust_047,acct_1047,37.04,USD,payment,Corner Pharmacy,AU,mobile
c_cust_041_shop_3_2,2026-05-21 09:00,cust_041,acct_1041,154.53,USD,payment,Grocery Mart,US,online
c_cust_044_shop_3_1,2026-05-21 09:00,cust_044,acct_1044,32.32,USD,payment,Corner Pharmacy,CA,online
c_cust_034_shop_3_2,2026-05-21 19:00,cust_034,acct_1034,126.74,USD,payment,Online Marketplace,DE,online
c_cust_020_shop_3_0,2026-05-21 20:00,cust_020,acct_1020,173.07,USD,payment,Online Marketplace,PH,mobile
c_cust_055_shop_3_1,2026-05-21 20:00,cust_055,acct_1055,93.87,USD,payment,Home Goods Co,MX,online
c_cust_061_shop_3_1,2026-05-22 09:00,cust_061,acct_1061,132.45,USD,payment,Corner Pharmacy,JP,online
c_cust_052_shop_3_1,2026-05-22 11:00,cust_052,acct_1052,129.06,USD,payment,Superstore Retail,KE,mobile
c_cust_043_shop_3_0,2026-05-22 12:00,cust_043,acct_1043,119.71,USD,payment,Home Goods Co,AE,online
c_cust_055_cash_3,2026-05-22 12:00,cust_055,acct_1055,332.11,USD,cash_withdrawal,Self,MX,branch
c_cust_044_shop_3_2,2026-05-22 13:00,cust_044,acct_1044,36.95,USD,payment,Home Goods Co,CA,online
c_cust_052_shop_3_0,2026-05-22 14:00,cust_052,acct_1052,76.32,USD,payment,Corner Pharmacy,KE,online
c_cust_067_shop_3_3,2026-05-22 14:00,cust_067,acct_1067,41.11,USD,payment,Superstore Retail,GB,mobile
c_cust_058_cash_3,2026-05-22 16:00,cust_058,acct_1058,333.89,USD,cash_withdrawal,Self,KE,branch
c_cust_040_cash_3,2026-05-23 10:00,cust_040,acct_1040,250.37,USD,cash_withdrawal,Self,NG,branch
c_cust_044_cash_3,2026-05-23 10:00,cust_044,acct_1044,161.99,USD,cash_withdrawal,Self,CA,branch
c_cust_058_shop_3_1,2026-05-23 10:00,cust_058,acct_1058,82.75,USD,payment,Home Goods Co,KE,online
c_cust_017_cash_3,2026-05-23 11:00,cust_017,acct_1017,380.11,USD,cash_withdrawal,Self,BR,branch
c_cust_042_shop_3_1,2026-05-23 12:00,cust_042,acct_1042,117.5,USD,payment,Superstore Retail,IN,online
c_cust_041_cash_3,2026-05-23 14:00,cust_041,acct_1041,284.81,USD,cash_withdrawal,Self,US,branch
c_cust_033_shop_3_2,2026-05-23 19:00,cust_033,acct_1033,156.96,USD,payment,Grocery Mart,US,mobile
c_cust_028_shop_3_1,2026-05-23 21:00,cust_028,acct_1028,110.51,USD,payment,Superstore Retail,AE,online
c_cust_053_shop_3_1,2026-05-23 21:00,cust_053,acct_1053,64.96,USD,payment,Home Goods Co,KE,mobile
c_cust_024_shop_3_1,2026-05-24 09:00,cust_024,acct_1024,16.88,USD,payment,Grocery Mart,GB,online
c_cust_040_shop_3_1,2026-05-24 09:00,cust_040,acct_1040,124.14,USD,payment,Home Goods Co,NG,mobile
c_cust_021_shop_3_0,2026-05-24 10:00,cust_021,acct_1021,136.57,USD,payment,Grocery Mart,SG,mobile
c_cust_049_shop_3_1,2026-05-24 11:00,cust_049,acct_1049,110.39,USD,payment,Grocery Mart,FR,online
c_cust_055_shop_3_2,2026-05-24 13:00,cust_055,acct_1055,171.25,USD,payment,Grocery Mart,MX,online
c_cust_030_shop_3_0,2026-05-24 14:00,cust_030,acct_1030,176.74,USD,payment,Home Goods Co,IT,mobile
c_cust_018_shop_3_1,2026-05-24 16:00,cust_018,acct_1018,172.4,USD,payment,Corner Pharmacy,IN,mobile
c_cust_024_shop_3_0,2026-05-24 16:00,cust_024,acct_1024,91.0,USD,payment,Online Marketplace,GB,online
c_cust_031_shop_3_1,2026-05-24 18:00,cust_031,acct_1031,172.68,USD,payment,Corner Pharmacy,SE,mobile
c_cust_053_shop_3_2,2026-05-24 21:00,cust_053,acct_1053,25.41,USD,payment,Grocery Mart,KE,mobile
c_cust_033_shop_3_0,2026-05-25 09:00,cust_033,acct_1033,25.8,USD,payment,Corner Pharmacy,US,mobile
c_cust_022_shop_3_1,2026-05-25 12:00,cust_022,acct_1022,164.82,USD,payment,Corner Pharmacy,US,mobile
c_cust_025_shop_3_1,2026-05-25 12:00,cust_025,acct_1025,43.4,USD,payment,Online Marketplace,GB,mobile
c_cust_063_shop_3_0,2026-05-26 10:00,cust_063,acct_1063,163.98,USD,payment,Grocery Mart,AU,mobile
c_cust_064_shop_3_2,2026-05-26 10:00,cust_064,acct_1064,43.35,USD,payment,Online Marketplace,NL,online
c_cust_039_cash_3,2026-05-26 14:00,cust_039,acct_1039,314.2,USD,cash_withdrawal,Self,NG,branch
c_cust_051_shop_3_0,2026-05-26 14:00,cust_051,acct_1051,96.44,USD,payment,Home Goods Co,SE,online
c_cust_042_cash_3,2026-05-26 15:00,cust_042,acct_1042,70.8,USD,cash_withdrawal,Self,IN,branch
c_cust_038_cash_3,2026-05-26 18:00,cust_038,acct_1038,219.87,USD,cash_withdrawal,Self,KE,branch
c_cust_044_shop_3_0,2026-05-26 20:00,cust_044,acct_1044,76.33,USD,payment,Corner Pharmacy,CA,mobile
c_cust_043_cash_3,2026-05-27 10:00,cust_043,acct_1043,344.61,USD,cash_withdrawal,Self,AE,branch
c_cust_064_shop_3_0,2026-05-27 15:00,cust_064,acct_1064,102.53,USD,payment,Grocery Mart,NL,online
c_cust_046_shop_3_1,2026-05-27 16:00,cust_046,acct_1046,87.73,USD,payment,Online Marketplace,PH,mobile
c_cust_062_shop_3_0,2026-05-27 16:00,cust_062,acct_1062,71.69,USD,payment,Corner Pharmacy,GB,mobile
c_cust_053_cash_3,2026-05-27 17:00,cust_053,acct_1053,90.16,USD,cash_withdrawal,Self,KE,branch
c_cust_058_shop_3_0,2026-05-27 17:00,cust_058,acct_1058,134.33,USD,payment,Online Marketplace,KE,mobile
c_cust_055_shop_3_0,2026-05-27 19:00,cust_055,acct_1055,19.81,USD,payment,Corner Pharmacy,MX,online
c_cust_037_shop_3_1,2026-05-27 21:00,cust_037,acct_1037,147.38,USD,payment,Superstore Retail,AU,online
c_cust_051_shop_3_1,2026-05-28 09:00,cust_051,acct_1051,122.72,USD,payment,Grocery Mart,SE,online
c_cust_043_shop_3_2,2026-05-28 10:00,cust_043,acct_1043,114.19,USD,payment,Home Goods Co,AE,online
c_cust_065_shop_3_1,2026-05-28 11:00,cust_065,acct_1065,130.21,USD,payment,Superstore Retail,MX,mobile
c_cust_047_cash_3,2026-05-28 14:00,cust_047,acct_1047,132.93,USD,cash_withdrawal,Self,AU,branch
c_cust_028_shop_3_0,2026-05-28 16:00,cust_028,acct_1028,116.15,USD,payment,Grocery Mart,AE,online
c_cust_042_shop_3_2,2026-05-28 16:00,cust_042,acct_1042,48.31,USD,payment,Corner Pharmacy,IN,mobile
c_cust_016_shop_3_1,2026-05-28 17:00,cust_016,acct_1016,174.74,USD,payment,Corner Pharmacy,GB,mobile
c_cust_067_shop_3_0,2026-05-28 17:00,cust_067,acct_1067,152.77,USD,payment,Corner Pharmacy,GB,mobile
c_cust_064_shop_3_1,2026-05-28 18:00,cust_064,acct_1064,157.7,USD,payment,Online Marketplace,NL,online
c_cust_059_shop_3_1,2026-05-28 19:00,cust_059,acct_1059,54.78,USD,payment,Online Marketplace,AE,mobile
c_cust_040_shop_3_0,2026-05-29 09:00,cust_040,acct_1040,106.72,USD,payment,Grocery Mart,NG,online
c_cust_015_shop_3_0,2026-05-29 10:00,cust_015,acct_1015,89.87,USD,payment,Online Marketplace,AU,mobile
c_cust_063_shop_3_1,2026-05-29 10:00,cust_063,acct_1063,145.19,USD,payment,Corner Pharmacy,AU,online
c_cust_065_shop_3_0,2026-05-29 11:00,cust_065,acct_1065,165.51,USD,payment,Superstore Retail,MX,online
c_cust_014_shop_3_1,2026-05-29 12:00,cust_014,acct_1014,151.32,USD,payment,Superstore Retail,NG,online
c_cust_027_shop_3_1,2026-05-29 12:00,cust_027,acct_1027,68.45,USD,payment,Online Marketplace,KE,mobile
c_cust_041_shop_3_1,2026-05-29 12:00,cust_041,acct_1041,147.47,USD,payment,Online Marketplace,US,mobile
c_cust_024_shop_3_3,2026-05-29 16:00,cust_024,acct_1024,115.48,USD,payment,Online Marketplace,GB,mobile
c_cust_059_shop_3_0,2026-05-29 16:00,cust_059,acct_1059,126.14,USD,payment,Grocery Mart,AE,online
c_cust_013_cash_3,2026-05-29 18:00,cust_013,acct_1013,193.41,USD,cash_withdrawal,Self,IN,branch
c_cust_062_shop_3_1,2026-05-29 18:00,cust_062,acct_1062,63.82,USD,payment,Superstore Retail,GB,online
c_cust_065_shop_3_2,2026-05-29 18:00,cust_065,acct_1065,39.89,USD,payment,Corner Pharmacy,MX,mobile
c_cust_031_sal_4,2026-06-01 07:00,cust_031,acct_1031,3070.16,USD,salary,Mcintosh-Adams Payroll,SE,online
c_cust_036_sal_4,2026-06-01 07:00,cust_036,acct_1036,9883.17,USD,salary,"Thomas, Summers and Espinoza Payroll",MX,online
c_cust_043_sal_4,2026-06-01 07:00,cust_043,acct_1043,4602.94,USD,salary,Cain Ltd Payroll,AE,online
c_cust_052_sal_4,2026-06-01 07:00,cust_052,acct_1052,6276.29,USD,salary,Oconnor-Bright Payroll,KE,online
c_cust_020_sal_4,2026-06-01 08:00,cust_020,acct_1020,4497.12,USD,salary,Stone-Odonnell Payroll,PH,online
c_cust_028_sal_4,2026-06-01 09:00,cust_028,acct_1028,3758.16,USD,salary,Dyer-Martin Payroll,AE,online
c_cust_034_sal_4,2026-06-01 09:00,cust_034,acct_1034,6010.29,USD,salary,Stevens and Sons Payroll,DE,online
c_cust_048_shop_4_0,2026-06-01 09:00,cust_048,acct_1048,178.94,USD,payment,Home Goods Co,SE,mobile
c_cust_060_sal_4,2026-06-01 09:00,cust_060,acct_1060,6396.4,USD,salary,Harris LLC Payroll,PH,online
c_cust_013_sal_4,2026-06-01 10:00,cust_013,acct_1013,2489.39,USD,salary,Waters-Owens Payroll,IN,online
c_cust_019_sal_4,2026-06-01 10:00,cust_019,acct_1019,12156.3,USD,salary,"Diaz, Martinez and Sweeney Payroll",IN,online
c_cust_026_shop_4_1,2026-06-01 10:00,cust_026,acct_1026,167.84,USD,payment,Superstore Retail,DE,mobile
c_cust_040_sal_4,2026-06-01 10:00,cust_040,acct_1040,8708.77,USD,salary,"Donaldson, Cole and Adams Payroll",NG,online
c_cust_041_sal_4,2026-06-01 10:00,cust_041,acct_1041,3144.49,USD,salary,Johnson-Smith Payroll,US,online
c_cust_050_sal_4,2026-06-01 10:00,cust_050,acct_1050,10068.09,USD,salary,Dominguez Ltd Payroll,IT,online
c_cust_063_sal_4,2026-06-01 10:00,cust_063,acct_1063,6193.33,USD,salary,Campbell-Boyd Payroll,AU,online
c_cust_061_cash_4,2026-06-01 16:00,cust_061,acct_1061,153.05,USD,cash_withdrawal,Self,JP,branch
c_cust_017_shop_4_3,2026-06-01 17:00,cust_017,acct_1017,64.75,USD,payment,Corner Pharmacy,BR,mobile
c_cust_031_cash_4,2026-06-01 17:00,cust_031,acct_1031,97.54,USD,cash_withdrawal,Self,SE,branch
c_cust_013_shop_4_0,2026-06-01 18:00,cust_013,acct_1013,39.96,USD,payment,Grocery Mart,IN,mobile
c_cust_026_sal_4,2026-06-02 07:00,cust_026,acct_1026,10225.69,USD,salary,Wolf Inc Payroll,DE,online
c_cust_032_sal_4,2026-06-02 07:00,cust_032,acct_1032,4524.44,USD,salary,Lara-Vang Payroll,AE,online
c_cust_042_sal_4,2026-06-02 07:00,cust_042,acct_1042,3927.51,USD,salary,Long PLC Payroll,IN,online
c_cust_054_sal_4,2026-06-02 07:00,cust_054,acct_1054,9266.42,USD,salary,Pratt Inc Payroll,AE,online
c_cust_057_sal_4,2026-06-02 07:00,cust_057,acct_1057,5555.36,USD,salary,Jimenez-Mckinney Payroll,IN,online
c_cust_061_sal_4,2026-06-02 07:00,cust_061,acct_1061,3777.51,USD,salary,Beck-Moore Payroll,JP,online
c_cust_024_sal_4,2026-06-02 08:00,cust_024,acct_1024,6268.87,USD,salary,King LLC Payroll,GB,online
c_cust_033_sal_4,2026-06-02 08:00,cust_033,acct_1033,4858.15,USD,salary,Collier Ltd Payroll,US,online
c_cust_055_sal_4,2026-06-02 08:00,cust_055,acct_1055,10369.04,USD,salary,Mckenzie Inc Payroll,MX,online
c_cust_059_sal_4,2026-06-02 08:00,cust_059,acct_1059,4718.12,USD,salary,Rocha-Williams Payroll,AE,online
c_cust_066_sal_4,2026-06-02 08:00,cust_066,acct_1066,3721.64,USD,salary,Rodriguez-Anderson Payroll,KE,online
c_cust_020_shop_4_0,2026-06-02 09:00,cust_020,acct_1020,108.57,USD,payment,Online Marketplace,PH,online
c_cust_046_sal_4,2026-06-02 09:00,cust_046,acct_1046,5072.3,USD,salary,Jimenez PLC Payroll,PH,online
c_cust_047_sal_4,2026-06-02 09:00,cust_047,acct_1047,4404.32,USD,salary,"Gallagher, Brock and Donaldson Payroll",AU,online
c_cust_058_sal_4,2026-06-02 09:00,cust_058,acct_1058,5898.04,USD,salary,Lopez and Sons Payroll,KE,online
c_cust_067_sal_4,2026-06-02 09:00,cust_067,acct_1067,9881.14,USD,salary,"Schwartz, Rodriguez and Anderson Payroll",GB,online
c_cust_014_sal_4,2026-06-02 10:00,cust_014,acct_1014,3283.03,USD,salary,Fisher-Hayden Payroll,NG,online
c_cust_018_sal_4,2026-06-02 10:00,cust_018,acct_1018,8971.16,USD,salary,Lee and Sons Payroll,IN,online
c_cust_048_sal_4,2026-06-02 10:00,cust_048,acct_1048,9877.27,USD,salary,"Frank, Smith and Martinez Payroll",SE,online
c_cust_030_shop_4_3,2026-06-02 12:00,cust_030,acct_1030,96.57,USD,payment,Corner Pharmacy,IT,online
g_cust_011_w,2026-06-02 14:00,cust_011,acct_1011,60000,USD,wire_out,Alpine Equity Partners,CH,online
c_cust_060_shop_4_1,2026-06-02 14:00,cust_060,acct_1060,152.09,USD,payment,Grocery Mart,PH,mobile
c_cust_067_shop_4_0,2026-06-02 14:00,cust_067,acct_1067,26.95,USD,payment,Superstore Retail,GB,online
c_cust_046_cash_4,2026-06-02 16:00,cust_046,acct_1046,149.7,USD,cash_withdrawal,Self,PH,branch
c_cust_031_shop_4_0,2026-06-02 18:00,cust_031,acct_1031,73.32,USD,payment,Online Marketplace,SE,mobile
c_cust_047_shop_4_0,2026-06-02 18:00,cust_047,acct_1047,178.07,USD,payment,Home Goods Co,AU,online
c_cust_046_shop_4_1,2026-06-02 20:00,cust_046,acct_1046,147.92,USD,payment,Superstore Retail,PH,mobile
c_cust_021_sal_4,2026-06-03 07:00,cust_021,acct_1021,6055.08,USD,salary,Lee-Jacobs Payroll,SG,online
c_cust_027_sal_4,2026-06-03 07:00,cust_027,acct_1027,3278.4,USD,salary,Martinez-Ramos Payroll,KE,online
c_cust_029_sal_4,2026-06-03 07:00,cust_029,acct_1029,4980.63,USD,salary,"Phillips, Yu and Rodriguez Payroll",CA,online
c_cust_030_sal_4,2026-06-03 07:00,cust_030,acct_1030,6125.03,USD,salary,"Duncan, Graves and Davis Payroll",IT,online
c_cust_039_sal_4,2026-06-03 07:00,cust_039,acct_1039,7517.29,USD,salary,Olson Group Payroll,NG,online
c_cust_064_sal_4,2026-06-03 07:00,cust_064,acct_1064,2406.05,USD,salary,"Sullivan, Mathis and Calderon Payroll",NL,online
c_cust_015_sal_4,2026-06-03 08:00,cust_015,acct_1015,11384.54,USD,salary,"Lane, Maldonado and Griffin Payroll",AU,online
c_cust_017_rent_4,2026-06-03 08:00,cust_017,acct_1017,1806.9,USD,payment,Metro Landlord LLC,BR,online
c_cust_022_sal_4,2026-06-03 08:00,cust_022,acct_1022,8394.0,USD,salary,Browning Ltd Payroll,US,online
c_cust_051_sal_4,2026-06-03 08:00,cust_051,acct_1051,3783.19,USD,salary,Rodriguez-Hanson Payroll,SE,online
c_cust_053_sal_4,2026-06-03 08:00,cust_053,acct_1053,8309.61,USD,salary,"Brandt, Clark and Kelly Payroll",KE,online
c_cust_056_sal_4,2026-06-03 08:00,cust_056,acct_1056,2434.63,USD,salary,"Young, Callahan and Murray Payroll",FR,online
c_cust_062_sal_4,2026-06-03 08:00,cust_062,acct_1062,2744.54,USD,salary,Harris-Smith Payroll,GB,online
c_cust_065_sal_4,2026-06-03 08:00,cust_065,acct_1065,5606.2,USD,salary,"Bryant, Sweeney and Strickland Payroll",MX,online
c_cust_066_rent_4,2026-06-03 08:00,cust_066,acct_1066,868.49,USD,payment,Parkview Apartments,KE,online
c_cust_016_sal_4,2026-06-03 09:00,cust_016,acct_1016,3891.74,USD,salary,Cole PLC Payroll,GB,online
c_cust_037_sal_4,2026-06-03 09:00,cust_037,acct_1037,4144.81,USD,salary,Chung-Bennett Payroll,AU,online
c_cust_044_sal_4,2026-06-03 09:00,cust_044,acct_1044,3054.83,USD,salary,Campbell-Scott Payroll,CA,online
c_cust_045_sal_4,2026-06-03 09:00,cust_045,acct_1045,5484.49,USD,salary,Simmons-Kelley Payroll,NL,online
c_cust_048_rent_4,2026-06-03 09:00,cust_048,acct_1048,2514.69,USD,payment,Home Realty Trust,SE,online
c_cust_049_sal_4,2026-06-03 09:00,cust_049,acct_1049,4333.0,USD,salary,Haley-Newman Payroll,FR,online
c_cust_017_sal_4,2026-06-03 10:00,cust_017,acct_1017,8496.3,USD,salary,Baker Inc Payroll,BR,online
c_cust_023_sal_4,2026-06-03 10:00,cust_023,acct_1023,10966.7,USD,salary,Drake-Thomas Payroll,SG,online
c_cust_025_sal_4,2026-06-03 10:00,cust_025,acct_1025,6243.45,USD,salary,Franklin and Sons Payroll,GB,online
c_cust_032_shop_4_2,2026-06-03 10:00,cust_032,acct_1032,148.56,USD,payment,Home Goods Co,AE,mobile
c_cust_035_sal_4,2026-06-03 10:00,cust_035,acct_1035,6020.53,USD,salary,Baker Inc Payroll,DE,online
c_cust_038_sal_4,2026-06-03 10:00,cust_038,acct_1038,8186.62,USD,salary,Young-Avila Payroll,KE,online
c_cust_044_rent_4,2026-06-03 10:00,cust_044,acct_1044,929.93,USD,payment,Home Realty Trust,CA,online
c_cust_051_rent_4,2026-06-03 10:00,cust_051,acct_1051,1060.54,USD,payment,City Rentals,SE,online
c_cust_013_rent_4,2026-06-03 11:00,cust_013,acct_1013,768.34,USD,payment,City Rentals,IN,online
c_cust_045_rent_4,2026-06-03 11:00,cust_045,acct_1045,1153.12,USD,payment,Parkview Apartments,NL,online
c_cust_052_rent_4,2026-06-03 11:00,cust_052,acct_1052,1964.69,USD,payment,Metro Landlord LLC,KE,online
c_cust_058_rent_4,2026-06-03 11:00,cust_058,acct_1058,1512.97,USD,payment,Home Realty Trust,KE,online
c_cust_029_rent_4,2026-06-03 12:00,cust_029,acct_1029,1210.79,USD,payment,Metro Landlord LLC,CA,online
c_cust_017_shop_4_1,2026-06-03 13:00,cust_017,acct_1017,101.53,USD,payment,Home Goods Co,BR,online
c_cust_018_shop_4_0,2026-06-03 13:00,cust_018,acct_1018,118.06,USD,payment,Superstore Retail,IN,online
c_cust_024_rent_4,2026-06-03 13:00,cust_024,acct_1024,1381.72,USD,payment,Metro Landlord LLC,GB,online
c_cust_044_shop_4_3,2026-06-03 13:00,cust_044,acct_1044,170.59,USD,payment,Corner Pharmacy,CA,mobile
c_cust_049_shop_4_3,2026-06-03 13:00,cust_049,acct_1049,179.4,USD,payment,Online Marketplace,FR,mobile
c_cust_041_rent_4,2026-06-03 14:00,cust_041,acct_1041,766.61,USD,payment,Parkview Apartments,US,online
c_cust_043_cash_4,2026-06-03 14:00,cust_043,acct_1043,115.24,USD,cash_withdrawal,Self,AE,branch
c_cust_022_rent_4,2026-06-03 15:00,cust_022,acct_1022,2484.74,USD,payment,Home Realty Trust,US,online
c_cust_018_rent_4,2026-06-03 16:00,cust_018,acct_1018,2457.65,USD,payment,Metro Landlord LLC,IN,online
c_cust_053_rent_4,2026-06-03 16:00,cust_053,acct_1053,2822.57,USD,payment,Metro Landlord LLC,KE,online
c_cust_060_rent_4,2026-06-03 16:00,cust_060,acct_1060,1612.44,USD,payment,Metro Landlord LLC,PH,online
c_cust_040_shop_4_0,2026-06-03 20:00,cust_040,acct_1040,54.42,USD,payment,Grocery Mart,NG,online
c_cust_022_shop_4_2,2026-06-04 09:00,cust_022,acct_1022,56.45,USD,payment,Superstore Retail,US,online
c_cust_036_cash_4,2026-06-04 11:00,cust_036,acct_1036,358.88,USD,cash_withdrawal,Self,MX,branch
c_cust_042_rent_4,2026-06-04 11:00,cust_042,acct_1042,1241.15,USD,payment,City Rentals,IN,online
c_cust_064_cash_4,2026-06-04 11:00,cust_064,acct_1064,95.71,USD,cash_withdrawal,Self,NL,branch
c_cust_015_rent_4,2026-06-04 12:00,cust_015,acct_1015,2792.34,USD,payment,Parkview Apartments,AU,online
c_cust_019_rent_4,2026-06-04 12:00,cust_019,acct_1019,3105.2,USD,payment,Metro Landlord LLC,IN,online
c_cust_043_rent_4,2026-06-04 12:00,cust_043,acct_1043,1204.98,USD,payment,Metro Landlord LLC,AE,online
c_cust_064_rent_4,2026-06-04 12:00,cust_064,acct_1064,782.41,USD,payment,Home Realty Trust,NL,online
c_cust_067_rent_4,2026-06-04 12:00,cust_067,acct_1067,3081.2,USD,payment,City Rentals,GB,online
c_cust_025_rent_4,2026-06-04 13:00,cust_025,acct_1025,1306.84,USD,payment,City Rentals,GB,online
c_cust_025_shop_4_1,2026-06-04 14:00,cust_025,acct_1025,94.42,USD,payment,Superstore Retail,GB,mobile
c_cust_035_rent_4,2026-06-04 14:00,cust_035,acct_1035,1968.64,USD,payment,City Rentals,DE,online
c_cust_039_rent_4,2026-06-04 14:00,cust_039,acct_1039,1500.22,USD,payment,City Rentals,NG,online
c_cust_063_rent_4,2026-06-04 14:00,cust_063,acct_1063,1529.14,USD,payment,Metro Landlord LLC,AU,online
c_cust_033_rent_4,2026-06-04 15:00,cust_033,acct_1033,1786.57,USD,payment,Parkview Apartments,US,online
c_cust_036_shop_4_0,2026-06-04 15:00,cust_036,acct_1036,121.72,USD,payment,Superstore Retail,MX,mobile
c_cust_014_rent_4,2026-06-04 16:00,cust_014,acct_1014,1117.03,USD,payment,Metro Landlord LLC,NG,online
c_cust_025_shop_4_0,2026-06-04 16:00,cust_025,acct_1025,68.45,USD,payment,Online Marketplace,GB,mobile
c_cust_016_rent_4,2026-06-04 17:00,cust_016,acct_1016,1471.64,USD,payment,Parkview Apartments,GB,online
c_cust_062_cash_4,2026-06-04 17:00,cust_062,acct_1062,258.8,USD,cash_withdrawal,Self,GB,branch
c_cust_040_rent_4,2026-06-04 18:00,cust_040,acct_1040,2255.56,USD,payment,Home Realty Trust,NG,online
c_cust_044_shop_4_0,2026-06-04 20:00,cust_044,acct_1044,26.66,USD,payment,Superstore Retail,CA,mobile
c_cust_046_rent_4,2026-06-05 08:00,cust_046,acct_1046,1358.73,USD,payment,Parkview Apartments,PH,online
c_cust_065_rent_4,2026-06-05 09:00,cust_065,acct_1065,1446.46,USD,payment,Parkview Apartments,MX,online
c_cust_031_rent_4,2026-06-05 10:00,cust_031,acct_1031,1160.4,USD,payment,Parkview Apartments,SE,online
c_cust_032_rent_4,2026-06-05 10:00,cust_032,acct_1032,1403.15,USD,payment,Parkview Apartments,AE,online
c_cust_035_cash_4,2026-06-05 10:00,cust_035,acct_1035,130.55,USD,cash_withdrawal,Self,DE,branch
c_cust_054_rent_4,2026-06-05 11:00,cust_054,acct_1054,2304.95,USD,payment,City Rentals,AE,online
c_cust_060_shop_4_3,2026-06-05 13:00,cust_060,acct_1060,63.57,USD,payment,Grocery Mart,PH,online
c_cust_038_rent_4,2026-06-05 14:00,cust_038,acct_1038,2568.0,USD,payment,Parkview Apartments,KE,online
c_cust_049_rent_4,2026-06-05 14:00,cust_049,acct_1049,1108.78,USD,payment,Parkview Apartments,FR,online
c_cust_051_shop_4_1,2026-06-05 14:00,cust_051,acct_1051,76.5,USD,payment,Grocery Mart,SE,online
c_cust_021_rent_4,2026-06-05 15:00,cust_021,acct_1021,2232.06,USD,payment,City Rentals,SG,online
c_cust_029_shop_4_0,2026-06-05 15:00,cust_029,acct_1029,136.82,USD,payment,Home Goods Co,CA,mobile
c_cust_054_shop_4_0,2026-06-05 15:00,cust_054,acct_1054,40.47,USD,payment,Home Goods Co,AE,mobile
c_cust_014_shop_4_0,2026-06-05 16:00,cust_014,acct_1014,117.15,USD,payment,Grocery Mart,NG,online
c_cust_042_shop_4_2,2026-06-05 17:00,cust_042,acct_1042,37.32,USD,payment,Online Marketplace,IN,online
c_cust_055_rent_4,2026-06-05 17:00,cust_055,acct_1055,3503.19,USD,payment,Metro Landlord LLC,MX,online
c_cust_064_shop_4_0,2026-06-05 17:00,cust_064,acct_1064,143.7,USD,payment,Superstore Retail,NL,mobile
c_cust_057_rent_4,2026-06-05 18:00,cust_057,acct_1057,1843.94,USD,payment,Metro Landlord LLC,IN,online
c_cust_036_rent_4,2026-06-05 20:00,cust_036,acct_1036,3019.8,USD,payment,City Rentals,MX,online
c_cust_028_rent_4,2026-06-06 08:00,cust_028,acct_1028,811.99,USD,payment,City Rentals,AE,online
c_cust_044_util_4_0,2026-06-06 08:00,cust_044,acct_1044,96.25,USD,payment,Gas & Power Ltd,CA,online
c_cust_016_shop_4_0,2026-06-06 09:00,cust_016,acct_1016,171.74,USD,payment,Corner Pharmacy,GB,mobile
c_cust_037_rent_4,2026-06-06 09:00,cust_037,acct_1037,1395.46,USD,payment,Metro Landlord LLC,AU,online
c_cust_043_util_4_0,2026-06-06 09:00,cust_043,acct_1043,48.97,USD,payment,City Utilities,AE,online
c_cust_045_shop_4_2,2026-06-06 09:00,cust_045,acct_1045,165.18,USD,payment,Home Goods Co,NL,online
c_cust_061_rent_4,2026-06-06 09:00,cust_061,acct_1061,1449.4,USD,payment,City Rentals,JP,online
c_cust_026_shop_4_0,2026-06-06 10:00,cust_026,acct_1026,66.47,USD,payment,Home Goods Co,DE,online
c_cust_030_rent_4,2026-06-06 10:00,cust_030,acct_1030,1464.28,USD,payment,Parkview Apartments,IT,online
c_cust_026_util_4_0,2026-06-06 11:00,cust_026,acct_1026,252.51,USD,payment,Regional Electric Board,DE,branch
c_cust_037_util_4_1,2026-06-06 12:00,cust_037,acct_1037,142.48,USD,payment,City Utilities,AU,online
c_cust_042_shop_4_3,2026-06-06 12:00,cust_042,acct_1042,84.77,USD,payment,Grocery Mart,IN,mobile
c_cust_044_shop_4_1,2026-06-06 12:00,cust_044,acct_1044,43.66,USD,payment,Corner Pharmacy,CA,mobile
c_cust_046_util_4_1,2026-06-06 12:00,cust_046,acct_1046,234.99,USD,payment,Metro Water Authority,PH,mobile
c_cust_023_rent_4,2026-06-06 13:00,cust_023,acct_1023,3377.87,USD,payment,Home Realty Trust,SG,online
c_cust_027_rent_4,2026-06-06 13:00,cust_027,acct_1027,968.16,USD,payment,City Rentals,KE,online
c_cust_050_rent_4,2026-06-06 13:00,cust_050,acct_1050,2825.67,USD,payment,City Rentals,IT,online
c_cust_052_shop_4_0,2026-06-06 13:00,cust_052,acct_1052,15.03,USD,payment,Corner Pharmacy,KE,online
c_cust_020_rent_4,2026-06-06 14:00,cust_020,acct_1020,1074.58,USD,payment,Parkview Apartments,PH,online
c_cust_033_shop_4_0,2026-06-06 14:00,cust_033,acct_1033,127.66,USD,payment,Home Goods Co,US,mobile
c_cust_044_cash_4,2026-06-06 14:00,cust_044,acct_1044,317.98,USD,cash_withdrawal,Self,CA,branch
c_cust_048_shop_4_1,2026-06-06 14:00,cust_048,acct_1048,134.8,USD,payment,Home Goods Co,SE,online
c_cust_026_rent_4,2026-06-06 15:00,cust_026,acct_1026,3239.35,USD,payment,City Rentals,DE,online
c_cust_056_rent_4,2026-06-06 15:00,cust_056,acct_1056,643.6,USD,payment,Parkview Apartments,FR,online
c_cust_045_shop_4_0,2026-06-06 16:00,cust_045,acct_1045,105.23,USD,payment,Home Goods Co,NL,online
c_cust_062_util_4_0,2026-06-06 17:00,cust_062,acct_1062,224.63,USD,payment,Metro Water Authority,GB,online
c_cust_041_cash_4,2026-06-06 18:00,cust_041,acct_1041,285.48,USD,cash_withdrawal,Self,US,branch
c_cust_054_util_4_1,2026-06-06 18:00,cust_054,acct_1054,193.53,USD,payment,Gas & Power Ltd,AE,mobile
c_cust_059_rent_4,2026-06-06 18:00,cust_059,acct_1059,941.16,USD,payment,Home Realty Trust,AE,online
c_cust_034_rent_4,2026-06-06 19:00,cust_034,acct_1034,1480.31,USD,payment,Parkview Apartments,DE,online
c_cust_036_shop_4_2,2026-06-06 19:00,cust_036,acct_1036,170.36,USD,payment,Online Marketplace,MX,online
c_cust_047_rent_4,2026-06-06 20:00,cust_047,acct_1047,1023.42,USD,payment,Parkview Apartments,AU,online
c_cust_062_rent_4,2026-06-06 20:00,cust_062,acct_1062,586.08,USD,payment,Metro Landlord LLC,GB,online
c_cust_063_shop_4_2,2026-06-06 21:00,cust_063,acct_1063,53.42,USD,payment,Superstore Retail,AU,mobile
c_cust_019_cash_4,2026-06-07 10:00,cust_019,acct_1019,195.91,USD,cash_withdrawal,Self,IN,branch
c_cust_058_util_4_0,2026-06-07 11:00,cust_058,acct_1058,227.62,USD,payment,Gas & Power Ltd,KE,branch
c_cust_032_shop_4_1,2026-06-07 12:00,cust_032,acct_1032,136.09,USD,payment,Superstore Retail,AE,online
c_cust_052_util_4_0,2026-06-07 12:00,cust_052,acct_1052,88.12,USD,payment,City Utilities,KE,mobile
c_cust_046_util_4_0,2026-06-07 13:00,cust_046,acct_1046,216.39,USD,payment,Gas & Power Ltd,PH,branch
c_cust_050_util_4_0,2026-06-07 13:00,cust_050,acct_1050,256.87,USD,payment,Regional Electric Board,IT,branch
c_cust_064_util_4_0,2026-06-07 14:00,cust_064,acct_1064,213.23,USD,payment,Regional Electric Board,NL,online
c_cust_061_util_4_1,2026-06-07 15:00,cust_061,acct_1061,239.05,USD,payment,Mobile Telecom,JP,mobile
c_cust_015_shop_4_0,2026-06-07 17:00,cust_015,acct_1015,93.34,USD,payment,Corner Pharmacy,AU,online
c_cust_032_shop_4_0,2026-06-07 18:00,cust_032,acct_1032,61.63,USD,payment,Home Goods Co,AE,online
c_cust_033_shop_4_1,2026-06-07 18:00,cust_033,acct_1033,23.6,USD,payment,Superstore Retail,US,mobile
c_cust_036_util_4_0,2026-06-07 19:00,cust_036,acct_1036,156.86,USD,payment,Regional Electric Board,MX,branch
c_cust_059_util_4_0,2026-06-07 19:00,cust_059,acct_1059,165.37,USD,payment,National Broadband Co,AE,mobile
c_cust_015_shop_4_3,2026-06-07 20:00,cust_015,acct_1015,135.26,USD,payment,Superstore Retail,AU,mobile
c_cust_021_util_4_0,2026-06-07 20:00,cust_021,acct_1021,204.19,USD,payment,Regional Electric Board,SG,mobile
c_cust_030_util_4_1,2026-06-07 20:00,cust_030,acct_1030,195.34,USD,payment,Metro Water Authority,IT,branch
c_cust_058_shop_4_0,2026-06-07 20:00,cust_058,acct_1058,171.21,USD,payment,Grocery Mart,KE,online
c_cust_054_shop_4_3,2026-06-07 21:00,cust_054,acct_1054,62.79,USD,payment,Online Marketplace,AE,online
c_cust_030_shop_4_2,2026-06-08 09:00,cust_030,acct_1030,21.81,USD,payment,Home Goods Co,IT,mobile
c_cust_038_shop_4_1,2026-06-08 10:00,cust_038,acct_1038,159.47,USD,payment,Grocery Mart,KE,mobile
c_cust_064_shop_4_3,2026-06-08 10:00,cust_064,acct_1064,112.61,USD,payment,Home Goods Co,NL,online
c_cust_018_util_4_0,2026-06-08 11:00,cust_018,acct_1018,123.78,USD,payment,Gas & Power Ltd,IN,online
c_cust_051_shop_4_0,2026-06-08 11:00,cust_051,acct_1051,48.5,USD,payment,Online Marketplace,SE,online
c_cust_053_util_4_0,2026-06-08 12:00,cust_053,acct_1053,218.86,USD,payment,National Broadband Co,KE,mobile
c_cust_030_shop_4_1,2026-06-08 14:00,cust_030,acct_1030,37.5,USD,payment,Online Marketplace,IT,mobile
c_cust_045_util_4_0,2026-06-08 14:00,cust_045,acct_1045,176.5,USD,payment,City Utilities,NL,mobile
c_cust_050_shop_4_0,2026-06-08 14:00,cust_050,acct_1050,111.9,USD,payment,Corner Pharmacy,IT,online
c_cust_020_util_4_0,2026-06-08 15:00,cust_020,acct_1020,82.27,USD,payment,Gas & Power Ltd,PH,online
c_cust_024_shop_4_2,2026-06-08 15:00,cust_024,acct_1024,78.91,USD,payment,Corner Pharmacy,GB,online
c_cust_035_shop_4_3,2026-06-08 15:00,cust_035,acct_1035,147.33,USD,payment,Home Goods Co,DE,mobile
c_cust_030_util_4_0,2026-06-08 18:00,cust_030,acct_1030,150.85,USD,payment,Gas & Power Ltd,IT,online
c_cust_025_shop_4_2,2026-06-08 21:00,cust_025,acct_1025,38.62,USD,payment,Grocery Mart,GB,mobile
c_cust_064_util_4_1,2026-06-08 21:00,cust_064,acct_1064,93.93,USD,payment,Gas & Power Ltd,NL,branch
c_cust_041_shop_4_0,2026-06-09 11:00,cust_041,acct_1041,169.45,USD,payment,Online Marketplace,US,mobile
c_cust_037_cash_4,2026-06-09 12:00,cust_037,acct_1037,298.4,USD,cash_withdrawal,Self,AU,branch
c_cust_045_util_4_1,2026-06-09 13:00,cust_045,acct_1045,99.41,USD,payment,Metro Water Authority,NL,branch
c_cust_060_util_4_0,2026-06-09 13:00,cust_060,acct_1060,148.18,USD,payment,National Broadband Co,PH,online
c_cust_054_shop_4_1,2026-06-09 14:00,cust_054,acct_1054,80.86,USD,payment,Superstore Retail,AE,online
c_cust_013_cash_4,2026-06-09 15:00,cust_013,acct_1013,264.77,USD,cash_withdrawal,Self,IN,branch
c_cust_055_util_4_0,2026-06-09 15:00,cust_055,acct_1055,148.69,USD,payment,National Broadband Co,MX,mobile
c_cust_017_shop_4_0,2026-06-09 17:00,cust_017,acct_1017,119.99,USD,payment,Grocery Mart,BR,online
c_cust_028_cash_4,2026-06-09 17:00,cust_028,acct_1028,393.04,USD,cash_withdrawal,Self,AE,branch
c_cust_035_shop_4_0,2026-06-09 17:00,cust_035,acct_1035,58.29,USD,payment,Online Marketplace,DE,mobile
c_cust_032_util_4_1,2026-06-09 19:00,cust_032,acct_1032,34.62,USD,payment,City Utilities,AE,mobile
c_cust_035_shop_4_1,2026-06-09 19:00,cust_035,acct_1035,156.71,USD,payment,Home Goods Co,DE,mobile
c_cust_015_util_4_0,2026-06-10 08:00,cust_015,acct_1015,33.53,USD,payment,Gas & Power Ltd,AU,branch
c_cust_021_shop_4_1,2026-06-10 09:00,cust_021,acct_1021,133.1,USD,payment,Online Marketplace,SG,mobile
c_cust_033_util_4_0,2026-06-10 12:00,cust_033,acct_1033,50.34,USD,payment,City Utilities,US,mobile
c_cust_038_util_4_1,2026-06-10 15:00,cust_038,acct_1038,207.41,USD,payment,City Utilities,KE,branch
c_cust_043_shop_4_1,2026-06-10 15:00,cust_043,acct_1043,138.34,USD,payment,Online Marketplace,AE,mobile
c_cust_067_util_4_1,2026-06-10 15:00,cust_067,acct_1067,130.15,USD,payment,Mobile Telecom,GB,mobile
c_cust_048_util_4_0,2026-06-10 16:00,cust_048,acct_1048,64.02,USD,payment,Metro Water Authority,SE,branch
c_cust_061_shop_4_0,2026-06-10 17:00,cust_061,acct_1061,114.45,USD,payment,Online Marketplace,JP,mobile
c_cust_022_util_4_0,2026-06-10 18:00,cust_022,acct_1022,191.15,USD,payment,National Broadband Co,US,online
c_cust_016_shop_4_1,2026-06-10 20:00,cust_016,acct_1016,38.22,USD,payment,Online Marketplace,GB,mobile
c_cust_065_util_4_0,2026-06-10 21:00,cust_065,acct_1065,176.41,USD,payment,Regional Electric Board,MX,branch
c_cust_057_shop_4_0,2026-06-11 09:00,cust_057,acct_1057,30.83,USD,payment,Online Marketplace,IN,online
c_cust_016_util_4_0,2026-06-11 11:00,cust_016,acct_1016,144.51,USD,payment,National Broadband Co,GB,mobile
c_cust_061_util_4_0,2026-06-11 11:00,cust_061,acct_1061,90.05,USD,payment,National Broadband Co,JP,branch
c_cust_035_util_4_0,2026-06-11 13:00,cust_035,acct_1035,73.76,USD,payment,City Utilities,DE,online
c_cust_039_util_4_1,2026-06-11 13:00,cust_039,acct_1039,100.32,USD,payment,City Utilities,NG,branch
c_cust_067_util_4_0,2026-06-11 13:00,cust_067,acct_1067,157.65,USD,payment,Mobile Telecom,GB,branch
c_cust_021_shop_4_0,2026-06-11 15:00,cust_021,acct_1021,58.09,USD,payment,Online Marketplace,SG,mobile
c_cust_030_shop_4_0,2026-06-11 15:00,cust_030,acct_1030,45.45,USD,payment,Online Marketplace,IT,mobile
c_cust_023_cash_4,2026-06-11 16:00,cust_023,acct_1023,145.53,USD,cash_withdrawal,Self,SG,branch
c_cust_031_util_4_1,2026-06-11 16:00,cust_031,acct_1031,199.57,USD,payment,Metro Water Authority,SE,branch
c_cust_034_util_4_1,2026-06-11 16:00,cust_034,acct_1034,77.11,USD,payment,Regional Electric Board,DE,mobile
c_cust_037_shop_4_1,2026-06-11 17:00,cust_037,acct_1037,50.25,USD,payment,Online Marketplace,AU,mobile
c_cust_014_shop_4_1,2026-06-11 19:00,cust_014,acct_1014,100.53,USD,payment,Home Goods Co,NG,mobile
c_cust_023_shop_4_0,2026-06-11 21:00,cust_023,acct_1023,176.98,USD,payment,Home Goods Co,SG,mobile
c_cust_029_util_4_0,2026-06-12 08:00,cust_029,acct_1029,169.96,USD,payment,National Broadband Co,CA,online
c_cust_055_shop_4_1,2026-06-12 09:00,cust_055,acct_1055,102.1,USD,payment,Corner Pharmacy,MX,online
c_cust_044_shop_4_2,2026-06-12 10:00,cust_044,acct_1044,162.03,USD,payment,Corner Pharmacy,CA,online
c_cust_027_shop_4_0,2026-06-12 11:00,cust_027,acct_1027,126.43,USD,payment,Home Goods Co,KE,mobile
c_cust_031_shop_4_2,2026-06-12 12:00,cust_031,acct_1031,129.5,USD,payment,Grocery Mart,SE,mobile
c_cust_052_shop_4_1,2026-06-12 12:00,cust_052,acct_1052,145.1,USD,payment,Corner Pharmacy,KE,online
c_cust_040_shop_4_1,2026-06-12 13:00,cust_040,acct_1040,64.95,USD,payment,Online Marketplace,NG,online
c_cust_066_util_4_1,2026-06-12 13:00,cust_066,acct_1066,82.81,USD,payment,City Utilities,KE,branch
c_cust_048_cash_4,2026-06-12 14:00,cust_048,acct_1048,244.8,USD,cash_withdrawal,Self,SE,branch
c_cust_066_cash_4,2026-06-12 14:00,cust_066,acct_1066,70.77,USD,cash_withdrawal,Self,KE,branch
c_cust_036_util_4_1,2026-06-12 15:00,cust_036,acct_1036,38.26,USD,payment,City Utilities,MX,branch
c_cust_028_util_4_0,2026-06-12 17:00,cust_028,acct_1028,205.73,USD,payment,City Utilities,AE,mobile
c_cust_022_util_4_1,2026-06-12 19:00,cust_022,acct_1022,193.91,USD,payment,Regional Electric Board,US,mobile
c_cust_047_shop_4_1,2026-06-12 19:00,cust_047,acct_1047,155.47,USD,payment,Superstore Retail,AU,mobile
c_cust_057_shop_4_2,2026-06-12 21:00,cust_057,acct_1057,112.18,USD,payment,Grocery Mart,IN,mobile
c_cust_047_util_4_1,2026-06-13 09:00,cust_047,acct_1047,40.66,USD,payment,Regional Electric Board,AU,branch
c_cust_013_util_4_0,2026-06-13 10:00,cust_013,acct_1013,55.28,USD,payment,Mobile Telecom,IN,online
c_cust_064_shop_4_2,2026-06-13 10:00,cust_064,acct_1064,92.38,USD,payment,Online Marketplace,NL,online
c_cust_017_shop_4_2,2026-06-13 13:00,cust_017,acct_1017,51.89,USD,payment,Home Goods Co,BR,online
c_cust_019_util_4_0,2026-06-13 13:00,cust_019,acct_1019,42.28,USD,payment,Gas & Power Ltd,IN,mobile
c_cust_024_util_4_0,2026-06-13 14:00,cust_024,acct_1024,208.96,USD,payment,National Broadband Co,GB,mobile
c_cust_049_util_4_0,2026-06-13 15:00,cust_049,acct_1049,71.32,USD,payment,Regional Electric Board,FR,online
c_cust_018_util_4_1,2026-06-13 16:00,cust_018,acct_1018,155.26,USD,payment,Regional Electric Board,IN,mobile
c_cust_050_cash_4,2026-06-13 17:00,cust_050,acct_1050,137.46,USD,cash_withdrawal,Self,IT,branch
c_cust_057_util_4_1,2026-06-13 17:00,cust_057,acct_1057,72.28,USD,payment,Regional Electric Board,IN,mobile
c_cust_014_util_4_0,2026-06-13 20:00,cust_014,acct_1014,72.11,USD,payment,City Utilities,NG,online
c_cust_032_util_4_0,2026-06-14 08:00,cust_032,acct_1032,204.45,USD,payment,Gas & Power Ltd,AE,mobile
c_cust_061_shop_4_2,2026-06-14 10:00,cust_061,acct_1061,99.1,USD,payment,Superstore Retail,JP,mobile
c_cust_024_cash_4,2026-06-14 12:00,cust_024,acct_1024,259.46,USD,cash_withdrawal,Self,GB,branch
c_cust_039_util_4_0,2026-06-14 13:00,cust_039,acct_1039,174.34,USD,payment,Mobile Telecom,NG,branch
c_cust_062_shop_4_0,2026-06-14 13:00,cust_062,acct_1062,54.13,USD,payment,Home Goods Co,GB,online
c_cust_037_shop_4_0,2026-06-14 15:00,cust_037,acct_1037,114.78,USD,payment,Corner Pharmacy,AU,online
c_cust_018_shop_4_1,2026-06-14 16:00,cust_018,acct_1018,178.09,USD,payment,Corner Pharmacy,IN,online
c_cust_018_cash_4,2026-06-14 17:00,cust_018,acct_1018,270.9,USD,cash_withdrawal,Self,IN,branch
c_cust_038_util_4_0,2026-06-14 20:00,cust_038,acct_1038,96.33,USD,payment,Gas & Power Ltd,KE,online
c_cust_056_util_4_1,2026-06-14 21:00,cust_056,acct_1056,33.65,USD,payment,Gas & Power Ltd,FR,online
c_cust_056_shop_4_1,2026-06-14 21:00,cust_056,acct_1056,18.33,USD,payment,Corner Pharmacy,FR,online
c_cust_017_util_4_0,2026-06-15 08:00,cust_017,acct_1017,178.47,USD,payment,Metro Water Authority,BR,online
c_cust_054_util_4_0,2026-06-15 08:00,cust_054,acct_1054,233.94,USD,payment,City Utilities,AE,branch
c_cust_040_util_4_0,2026-06-15 09:00,cust_040,acct_1040,155.61,USD,payment,Metro Water Authority,NG,branch
g_cust_009_0,2026-06-15 10:00,cust_009,acct_1009,7876.0,USD,wire_in,Crypto Exchange Y,US,online
c_cust_034_util_4_0,2026-06-15 11:00,cust_034,acct_1034,259.86,USD,payment,City Utilities,DE,branch
c_cust_051_util_4_0,2026-06-15 11:00,cust_051,acct_1051,131.21,USD,payment,Gas & Power Ltd,SE,mobile
c_cust_062_shop_4_1,2026-06-15 12:00,cust_062,acct_1062,168.78,USD,payment,Superstore Retail,GB,online
c_cust_024_util_4_1,2026-06-15 13:00,cust_024,acct_1024,97.25,USD,payment,City Utilities,GB,branch
c_cust_059_shop_4_1,2026-06-15 14:00,cust_059,acct_1059,50.86,USD,payment,Online Marketplace,AE,online
c_cust_066_util_4_0,2026-06-15 15:00,cust_066,acct_1066,90.53,USD,payment,Metro Water Authority,KE,online
c_cust_041_util_4_0,2026-06-15 17:00,cust_041,acct_1041,81.35,USD,payment,City Utilities,US,mobile
c_cust_056_util_4_0,2026-06-15 17:00,cust_056,acct_1056,61.96,USD,payment,Metro Water Authority,FR,branch
c_cust_057_util_4_0,2026-06-15 18:00,cust_057,acct_1057,224.59,USD,payment,Metro Water Authority,IN,branch
c_cust_042_util_4_0,2026-06-15 20:00,cust_042,acct_1042,89.3,USD,payment,National Broadband Co,IN,mobile
c_cust_023_util_4_1,2026-06-16 08:00,cust_023,acct_1023,34.73,USD,payment,City Utilities,SG,branch
c_cust_031_util_4_0,2026-06-16 08:00,cust_031,acct_1031,219.9,USD,payment,City Utilities,SE,online
c_cust_023_util_4_0,2026-06-16 09:00,cust_023,acct_1023,71.52,USD,payment,Metro Water Authority,SG,branch
c_cust_065_shop_4_1,2026-06-16 09:00,cust_065,acct_1065,38.25,USD,payment,Home Goods Co,MX,mobile
c_cust_063_util_4_0,2026-06-16 13:00,cust_063,acct_1063,169.75,USD,payment,Gas & Power Ltd,AU,branch
c_cust_043_shop_4_0,2026-06-16 14:00,cust_043,acct_1043,27.1,USD,payment,Online Marketplace,AE,mobile
c_cust_022_shop_4_0,2026-06-16 16:00,cust_022,acct_1022,18.24,USD,payment,Corner Pharmacy,US,online
c_cust_037_util_4_0,2026-06-16 17:00,cust_037,acct_1037,237.95,USD,payment,National Broadband Co,AU,mobile
c_cust_066_shop_4_2,2026-06-16 17:00,cust_066,acct_1066,130.73,USD,payment,Corner Pharmacy,KE,mobile
c_cust_025_util_4_0,2026-06-16 19:00,cust_025,acct_1025,98.72,USD,payment,Mobile Telecom,GB,mobile
c_cust_027_util_4_0,2026-06-16 19:00,cust_027,acct_1027,244.81,USD,payment,National Broadband Co,KE,mobile
c_cust_067_shop_4_1,2026-06-16 19:00,cust_067,acct_1067,57.69,USD,payment,Superstore Retail,GB,online
c_cust_023_shop_4_1,2026-06-16 21:00,cust_023,acct_1023,163.1,USD,payment,Grocery Mart,SG,online
c_cust_047_util_4_0,2026-06-16 21:00,cust_047,acct_1047,103.07,USD,payment,Gas & Power Ltd,AU,branch
c_cust_050_shop_4_2,2026-06-16 21:00,cust_050,acct_1050,132.81,USD,payment,Corner Pharmacy,IT,online
g_cust_009_1,2026-06-17 10:00,cust_009,acct_1009,7280.0,USD,wire_in,Crypto Exchange Y,US,online
c_cust_015_shop_4_2,2026-06-17 13:00,cust_015,acct_1015,128.48,USD,payment,Superstore Retail,AU,mobile
c_cust_020_shop_4_1,2026-06-17 14:00,cust_020,acct_1020,103.13,USD,payment,Corner Pharmacy,PH,mobile
c_cust_035_shop_4_2,2026-06-17 15:00,cust_035,acct_1035,127.38,USD,payment,Online Marketplace,DE,mobile
c_cust_057_cash_4,2026-06-17 16:00,cust_057,acct_1057,151.82,USD,cash_withdrawal,Self,IN,branch
c_cust_059_shop_4_0,2026-06-17 20:00,cust_059,acct_1059,135.49,USD,payment,Grocery Mart,AE,online
c_cust_050_shop_4_1,2026-06-17 21:00,cust_050,acct_1050,105.77,USD,payment,Online Marketplace,IT,mobile
c_cust_063_shop_4_1,2026-06-17 21:00,cust_063,acct_1063,119.61,USD,payment,Grocery Mart,AU,online
c_cust_042_shop_4_1,2026-06-18 10:00,cust_042,acct_1042,60.19,USD,payment,Corner Pharmacy,IN,online
c_cust_064_shop_4_1,2026-06-18 11:00,cust_064,acct_1064,49.12,USD,payment,Superstore Retail,NL,online
c_cust_053_shop_4_1,2026-06-18 19:00,cust_053,acct_1053,82.36,USD,payment,Home Goods Co,KE,online
c_cust_041_shop_4_1,2026-06-18 20:00,cust_041,acct_1041,44.09,USD,payment,Online Marketplace,US,mobile
c_cust_042_shop_4_0,2026-06-18 20:00,cust_042,acct_1042,78.78,USD,payment,Online Marketplace,IN,online
g_cust_009_2,2026-06-19 10:00,cust_009,acct_1009,6203.0,USD,wire_in,Crypto Exchange Y,US,online
c_cust_028_shop_4_1,2026-06-19 11:00,cust_028,acct_1028,66.94,USD,payment,Corner Pharmacy,AE,mobile
c_cust_057_shop_4_1,2026-06-19 11:00,cust_057,acct_1057,43.54,USD,payment,Online Marketplace,IN,online
c_cust_027_cash_4,2026-06-19 12:00,cust_027,acct_1027,202.09,USD,cash_withdrawal,Self,KE,branch
c_cust_053_shop_4_0,2026-06-19 12:00,cust_053,acct_1053,66.6,USD,payment,Grocery Mart,KE,online
c_cust_038_shop_4_0,2026-06-19 13:00,cust_038,acct_1038,73.35,USD,payment,Online Marketplace,KE,mobile
c_cust_036_shop_4_1,2026-06-19 14:00,cust_036,acct_1036,27.58,USD,payment,Superstore Retail,MX,mobile
c_cust_058_cash_4,2026-06-19 14:00,cust_058,acct_1058,239.59,USD,cash_withdrawal,Self,KE,branch
c_cust_040_cash_4,2026-06-19 15:00,cust_040,acct_1040,321.39,USD,cash_withdrawal,Self,NG,branch
c_cust_029_shop_4_2,2026-06-19 16:00,cust_029,acct_1029,133.24,USD,payment,Online Marketplace,CA,mobile
c_cust_066_shop_4_0,2026-06-19 21:00,cust_066,acct_1066,32.03,USD,payment,Superstore Retail,KE,mobile
c_cust_013_shop_4_1,2026-06-20 09:00,cust_013,acct_1013,26.6,USD,payment,Superstore Retail,IN,mobile
g_cust_012_in,2026-06-20 10:00,cust_012,acct_1012,4200,USD,payment,Marketplace Payouts,PH,online
c_cust_058_shop_4_1,2026-06-20 11:00,cust_058,acct_1058,17.61,USD,payment,Corner Pharmacy,KE,mobile
c_cust_028_shop_4_0,2026-06-20 12:00,cust_028,acct_1028,56.14,USD,payment,Grocery Mart,AE,online
c_cust_019_shop_4_1,2026-06-20 15:00,cust_019,acct_1019,116.43,USD,payment,Superstore Retail,IN,mobile
c_cust_025_cash_4,2026-06-20 15:00,cust_025,acct_1025,362.16,USD,cash_withdrawal,Self,GB,branch
c_cust_067_cash_4,2026-06-20 15:00,cust_067,acct_1067,154.04,USD,cash_withdrawal,Self,GB,branch
c_cust_026_cash_4,2026-06-20 17:00,cust_026,acct_1026,237.79,USD,cash_withdrawal,Self,DE,branch
c_cust_065_shop_4_0,2026-06-20 17:00,cust_065,acct_1065,165.9,USD,payment,Corner Pharmacy,MX,online
c_cust_058_shop_4_2,2026-06-20 19:00,cust_058,acct_1058,149.43,USD,payment,Online Marketplace,KE,online
c_cust_051_shop_4_2,2026-06-20 20:00,cust_051,acct_1051,34.93,USD,payment,Superstore Retail,SE,mobile
g_cust_009_3,2026-06-21 10:00,cust_009,acct_1009,7776.0,USD,wire_in,Crypto Exchange Y,US,online
c_cust_038_shop_4_3,2026-06-21 11:00,cust_038,acct_1038,174.6,USD,payment,Grocery Mart,KE,mobile
c_cust_022_shop_4_1,2026-06-21 14:00,cust_022,acct_1022,143.4,USD,payment,Corner Pharmacy,US,mobile
c_cust_029_shop_4_1,2026-06-21 19:00,cust_029,acct_1029,170.36,USD,payment,Home Goods Co,CA,online
c_cust_034_shop_4_1,2026-06-21 19:00,cust_034,acct_1034,158.18,USD,payment,Grocery Mart,DE,mobile
g_cust_012_out,2026-06-22 10:00,cust_012,acct_1012,900,USD,payment,Home Goods Co,PH,online
c_cust_034_shop_4_0,2026-06-22 11:00,cust_034,acct_1034,40.16,USD,payment,Corner Pharmacy,DE,online
c_cust_045_shop_4_1,2026-06-22 11:00,cust_045,acct_1045,114.8,USD,payment,Corner Pharmacy,NL,online
c_cust_049_shop_4_2,2026-06-22 12:00,cust_049,acct_1049,15.6,USD,payment,Grocery Mart,FR,mobile
c_cust_061_shop_4_3,2026-06-22 12:00,cust_061,acct_1061,173.19,USD,payment,Superstore Retail,JP,online
c_cust_051_shop_4_3,2026-06-22 13:00,cust_051,acct_1051,64.62,USD,payment,Grocery Mart,SE,online
c_cust_015_shop_4_1,2026-06-22 19:00,cust_015,acct_1015,86.31,USD,payment,Corner Pharmacy,AU,mobile
g_cust_009_4,2026-06-23 10:00,cust_009,acct_1009,6131.0,USD,wire_in,Crypto Exchange Y,US,online
c_cust_049_shop_4_1,2026-06-23 10:00,cust_049,acct_1049,34.01,USD,payment,Corner Pharmacy,FR,online
c_cust_025_shop_4_3,2026-06-23 12:00,cust_025,acct_1025,146.81,USD,payment,Superstore Retail,GB,online
c_cust_039_shop_4_0,2026-06-23 14:00,cust_039,acct_1039,84.47,USD,payment,Grocery Mart,NG,mobile
c_cust_023_shop_4_2,2026-06-23 15:00,cust_023,acct_1023,118.17,USD,payment,Online Marketplace,SG,online
c_cust_046_shop_4_0,2026-06-23 15:00,cust_046,acct_1046,18.59,USD,payment,Superstore Retail,PH,online
c_cust_019_shop_4_0,2026-06-23 18:00,cust_019,acct_1019,128.56,USD,payment,Superstore Retail,IN,online
c_cust_054_shop_4_2,2026-06-23 18:00,cust_054,acct_1054,144.69,USD,payment,Online Marketplace,AE,mobile
c_cust_024_shop_4_0,2026-06-23 21:00,cust_024,acct_1024,151.52,USD,payment,Online Marketplace,GB,online
c_cust_056_shop_4_2,2026-06-23 21:00,cust_056,acct_1056,127.59,USD,payment,Grocery Mart,FR,online
c_cust_063_shop_4_0,2026-06-23 21:00,cust_063,acct_1063,174.54,USD,payment,Home Goods Co,AU,online
c_cust_049_shop_4_0,2026-06-24 15:00,cust_049,acct_1049,157.68,USD,payment,Superstore Retail,FR,mobile
c_cust_060_shop_4_0,2026-06-24 15:00,cust_060,acct_1060,162.51,USD,payment,Corner Pharmacy,PH,online
c_cust_039_shop_4_1,2026-06-25 10:00,cust_039,acct_1039,71.58,USD,payment,Superstore Retail,NG,mobile
c_cust_052_shop_4_2,2026-06-25 12:00,cust_052,acct_1052,157.45,USD,payment,Grocery Mart,KE,mobile
c_cust_033_cash_4,2026-06-25 17:00,cust_033,acct_1033,121.98,USD,cash_withdrawal,Self,US,branch
c_cust_021_shop_4_2,2026-06-25 18:00,cust_021,acct_1021,98.12,USD,payment,Online Marketplace,SG,online
c_cust_038_cash_4,2026-06-26 15:00,cust_038,acct_1038,195.99,USD,cash_withdrawal,Self,KE,branch
c_cust_024_shop_4_3,2026-06-26 16:00,cust_024,acct_1024,61.75,USD,payment,Grocery Mart,GB,mobile
c_cust_055_shop_4_0,2026-06-26 16:00,cust_055,acct_1055,43.87,USD,payment,Home Goods Co,MX,mobile
c_cust_031_shop_4_1,2026-06-26 18:00,cust_031,acct_1031,33.64,USD,payment,Superstore Retail,SE,mobile
c_cust_027_shop_4_2,2026-06-26 19:00,cust_027,acct_1027,131.91,USD,payment,Superstore Retail,KE,mobile
c_cust_065_cash_4,2026-06-27 10:00,cust_065,acct_1065,373.62,USD,cash_withdrawal,Self,MX,branch
c_cust_024_shop_4_1,2026-06-27 11:00,cust_024,acct_1024,114.19,USD,payment,Online Marketplace,GB,mobile
c_cust_060_shop_4_2,2026-06-27 11:00,cust_060,acct_1060,19.24,USD,payment,Grocery Mart,PH,online
c_cust_059_cash_4,2026-06-27 12:00,cust_059,acct_1059,307.53,USD,cash_withdrawal,Self,AE,branch
c_cust_016_cash_4,2026-06-27 15:00,cust_016,acct_1016,60.59,USD,cash_withdrawal,Self,GB,branch
c_cust_034_cash_4,2026-06-27 16:00,cust_034,acct_1034,101.83,USD,cash_withdrawal,Self,DE,branch
c_cust_027_shop_4_1,2026-06-27 17:00,cust_027,acct_1027,30.68,USD,payment,Corner Pharmacy,KE,mobile
c_cust_047_shop_4_2,2026-06-27 17:00,cust_047,acct_1047,20.49,USD,payment,Corner Pharmacy,AU,online
c_cust_036_shop_4_3,2026-06-27 19:00,cust_036,acct_1036,159.12,USD,payment,Corner Pharmacy,MX,mobile
c_cust_038_shop_4_2,2026-06-27 21:00,cust_038,acct_1038,132.45,USD,payment,Online Marketplace,KE,online
t016,2026-06-28 08:00,cust_004,acct_1004,5200,USD,salary,Acme Corp Payroll,US,online
c_cust_066_shop_4_1,2026-06-28 09:00,cust_066,acct_1066,64.92,USD,payment,Home Goods Co,KE,mobile
c_cust_027_shop_4_3,2026-06-28 10:00,cust_027,acct_1027,15.71,USD,payment,Home Goods Co,KE,online
c_cust_047_cash_4,2026-06-28 10:00,cust_047,acct_1047,133.24,USD,cash_withdrawal,Self,AU,branch
c_cust_053_shop_4_2,2026-06-28 10:00,cust_053,acct_1053,31.57,USD,payment,Grocery Mart,KE,online
c_cust_037_shop_4_2,2026-06-28 16:00,cust_037,acct_1037,117.18,USD,payment,Online Marketplace,AU,mobile
c_cust_056_shop_4_0,2026-06-28 17:00,cust_056,acct_1056,150.21,USD,payment,Online Marketplace,FR,online
c_cust_045_shop_4_3,2026-06-28 18:00,cust_045,acct_1045,74.68,USD,payment,Grocery Mart,NL,online
c_cust_023_shop_4_3,2026-06-28 19:00,cust_023,acct_1023,75.42,USD,payment,Corner Pharmacy,SG,online
c_cust_061_shop_4_1,2026-06-28 20:00,cust_061,acct_1061,50.86,USD,payment,Corner Pharmacy,JP,online
t010,2026-06-30 08:00,cust_002,acct_1002,8000,USD,salary,State Payroll Office,US,online
t017,2026-07-01 09:10,cust_004,acct_1004,1400,USD,payment,City Rentals,US,online
t021,2026-07-02 11:00,cust_005,acct_1005,21000,USD,wire_in,Crypto Exchange X,US,online
t022,2026-07-03 12:30,cust_005,acct_1005,18000,USD,wire_in,Crypto Exchange X,US,online
t018,2026-07-03 18:45,cust_004,acct_1004,320,USD,payment,Regional Electric Board,US,online
t023,2026-07-05 16:10,cust_005,acct_1005,22000,USD,wire_in,P2P Transfer Network,US,online
t011,2026-07-05 19:30,cust_002,acct_1002,2500,USD,payment,City Utilities,US,online
t024,2026-07-06 09:45,cust_005,acct_1005,25000,USD,wire_in,P2P Transfer Network,US,online
t012,2026-07-08 14:00,cust_002,acct_1002,120000,USD,wire_out,Pardis Holdings,IR,online
t019,2026-07-09 13:20,cust_004,acct_1004,210,USD,payment,Grocery Mart,US,mobile
t001,2026-07-10 09:15,cust_001,acct_1001,9500,USD,cash_deposit,Self,US,branch
t002,2026-07-10 14:20,cust_001,acct_1001,9300,USD,cash_deposit,Self,US,branch
t003,2026-07-11 10:05,cust_001,acct_1001,9700,USD,cash_deposit,Self,US,branch
t004,2026-07-11 15:40,cust_001,acct_1001,9500,USD,cash_deposit,Self,US,branch
t005,2026-07-11 16:55,cust_001,acct_1001,9600,USD,cash_deposit,Self,US,branch
t006,2026-07-12 09:30,cust_001,acct_1001,9400,USD,cash_deposit,Self,US,branch
t007,2026-07-12 12:10,cust_001,acct_1001,9900,USD,cash_deposit,Self,US,branch
t008,2026-07-12 17:00,cust_001,acct_1001,9500,USD,cash_deposit,Self,US,branch
t020,2026-07-12 20:05,cust_004,acct_1004,150,USD,payment,Mobile Telecom,US,mobile
t009,2026-07-13 11:00,cust_001,acct_1001,1200,USD,payment,Metro Landlord LLC,US,online
t014,2026-07-15 09:00,cust_003,acct_1003,250000,USD,wire_in,Global Traders Ltd,AE,online
t015,2026-07-15 15:30,cust_003,acct_1003,248000,USD,wire_out,Sunrise Import Co,SG,online
